rule_id,sheet,family,occurrences,pattern,example_cell,example_formula,business_name,business_description,python_function,status
RULE_0001,Calcul,CROSS_SHEET_REFERENCE,1188,=REF[BESOINSENMICAS],A3,=+'Besoins en micas'!B142,,,,TO_REVIEW
RULE_0002,Calcul,CROSS_SHEET_REFERENCE,972,=REF[CA],A114,=CA!B59,,,,TO_REVIEW
RULE_0003,Sal,LOCAL_REFERENCE,846,=LOCAL_CELL,D13,=+D2,,,,TO_REVIEW
RULE_0004,AN,LOCAL_REFERENCE,712,=LOCAL_CELL,C12,=+C62,,,,TO_REVIEW
RULE_0005,Besoins en micas,LOCAL_REFERENCE,702,=LOCAL_CELL,C9,=+C2,,,,TO_REVIEW
RULE_0006,CA,LOCAL_REFERENCE,514,=LOCAL_CELL,B12,=+B7,,,,TO_REVIEW
RULE_0007,Sal,ARITHMETIC,472,=LOCAL_CELL+LOCAL_CELL,D26,=+D24+D25,,,,TO_REVIEW
RULE_0008,Stat,BROKEN_REFERENCE,432,='BESOINSENMICAS'!#REF!,C4,='Besoins en micas'!#REF!,,,,INVALID
RULE_0009,AN,AGGREGATION,400,=SUM(LOCAL_RANGE),P3,=SUM(H3:O3),,,,TO_REVIEW
RULE_0010,Sal,CROSS_SHEET_REFERENCE,328,=REF[PRIMES],D75,=+Primes!D48,,,,TO_REVIEW
RULE_0011,Production,LOCAL_REFERENCE,323,=LOCAL_CELL,B9,=+B3,,,,TO_REVIEW
RULE_0012,AN,ARITHMETIC,316,=LOCAL_CELL+LOCAL_CELL,D26,=+D89+D90,,,,TO_REVIEW
RULE_0013,Sal,AGGREGATION,292,=SUM(LOCAL_RANGE),D7,=SUM(D3:D6),,,,TO_REVIEW
RULE_0014,Besoins en micas,AGGREGATION,282,=SUM(LOCAL_RANGE),O3,=SUM(C3:N3),,,,TO_REVIEW
RULE_0015,Stat,MULTIPLICATION,264,=LOCAL_CELL*LOCAL_CELL,H4,=+F4*G4,,,,TO_REVIEW
RULE_0016,AN,ARITHMETIC,252,=-(-LOCAL_CELL+LOCAL_CELL),D252,=-(-C252+D4),,,,TO_REVIEW
RULE_0017,Achat,CROSS_SHEET_REFERENCE,241,=REF[DÉTAILSACHATSDIRECT],D4,=+'Détails Achats direct'!D15,,,,TO_REVIEW
RULE_0018,Primes,MULTIPLICATION,240,=LOCAL_CELL*LOCAL_CELL,D8,=+$B$8*D6,,,,TO_REVIEW
RULE_0019,Prestation,LOCAL_REFERENCE,235,=LOCAL_CELL,D2,=+D18,,,,TO_REVIEW
RULE_0020,Primes,LOCAL_REFERENCE,228,"=IF(LOCAL_CELL>=LOCAL_CELL,LOCAL_CELL,IF(LOCAL_CELL>=LOCAL_CELL,LOCAL_CELL,IF(LOCAL_CELL>=LOCAL_CELL,LOCAL_CELL,IF(LOCAL_CELL>=LOCAL_CELL,LOCAL_CELL,0))))",D29,"=+IF(D23>=$J$16,$J$20,IF(D23>=$I$16,$I$20,IF(D23>=$H$16,$H$20,IF(D23>=$G$16,$G$20,0))))",,,,TO_REVIEW
RULE_0021,Calcul,PRODUCTION_DEPENDENCY,216,=REF[PRODUCTION],A225,=+Production!I139,,,,TO_REVIEW
RULE_0022,Besoins en micas,MULTIPLICATION,216,=LOCAL_CELL*LOCAL_CELL,H142,=+F142*G142,,,,TO_REVIEW
RULE_0023,Besoins en micas,DIVISION,214,"=IFERROR(+LOCAL_CELL/LOCAL_CELL,"""")",C91,"=IFERROR(+C81/C86,"" "")",,,,TO_REVIEW
RULE_0024,Etat_Trésorerie FD,AGGREGATION,213,=SUM(LOCAL_RANGE),P9,=SUM(D9:O9),,,,TO_REVIEW
RULE_0025,Détails Achats direct,LOCAL_REFERENCE,199,=LOCAL_CELL,C21,=+C3,,,,TO_REVIEW
RULE_0026,BL,AGGREGATION,197,=SUM(LOCAL_RANGE),U5,=SUM(H5:T5),,,,TO_REVIEW
RULE_0027,BL,LOCAL_REFERENCE,196,"=LEFT(LOCAL_CELL,1)",B5,"=+LEFT(A5,1)",,,,TO_REVIEW
RULE_0028,BL,LOCAL_REFERENCE,196,"=LEFT(LOCAL_CELL,2)",C5,"=+LEFT(A5,2)",,,,TO_REVIEW
RULE_0029,BL,LOCAL_REFERENCE,196,"=LEFT(LOCAL_CELL,3)",D5,"=+LEFT(A5,3)",,,,TO_REVIEW
RULE_0030,BL,LOCAL_REFERENCE,196,"=LEFT(LOCAL_CELL,4)",E5,"=+LEFT(A5,4)",,,,TO_REVIEW
RULE_0031,Besoins en micas,ARITHMETIC,196,=LOCAL_CELL+LOCAL_CELL,C81,=+C78+C71,,,,TO_REVIEW
RULE_0032,Emprunts FD,ARITHMETIC,185,"=IF(LOCAL_CELL="""","""",IF(LOCAL_CELL+1>LOCAL_CELL,"""",LOCAL_CELL-LOCAL_CELL))",I15,"=IF(A14="" "","" "",IF(A14+1>$D$8,"" "",E15-H15))",,,,TO_REVIEW
RULE_0033,Emprunts FD,ARITHMETIC,178,"=IF(LOCAL_CELL="""","""",IF(LOCAL_CELL+1>LOCAL_CELL,"""",LOCAL_CELL))",E21,"=IF(A20="" "","" "",IF(A20+1>$D$8,"" "",I20))",,,,TO_REVIEW
RULE_0034,Etat_Trésorerie FD,CROSS_SHEET_REFERENCE,167,=REF[-AN],D9,=-AN!D180,,,,TO_REVIEW
RULE_0035,Stat,ARITHMETIC,157,=LOCAL_CELL+LOCAL_CELL,K4,=+J4+H4,,,,TO_REVIEW
RULE_0036,CA,CURRENCY_CONVERSION,157,=LOCAL_CELL/PARAM[TAUX_CHANGE_EUR],C54,=+C53/'Données SOMIDA'!$E$6,,,,TO_REVIEW
RULE_0037,Production,AGGREGATION,153,=SUM(LOCAL_RANGE),P3,=SUM(D3:O3),,,,TO_REVIEW
RULE_0038,Feuil3,LOCAL_REFERENCE,147,=LOCAL_CELL,M4,=+I4,,,,TO_REVIEW
RULE_0039,Stat,DIVISION,145,"=IFERROR(+LOCAL_CELL/LOCAL_CELL,0)",L4,"=IFERROR(+K4/F4,0)",,,,TO_REVIEW
RULE_0040,Amort,CROSS_SHEET_REFERENCE,145,=REF[INVESTFD],C3,=+'Invest FD'!C22,,,,TO_REVIEW
RULE_0041,CA,CROSS_SHEET_REFERENCE,144,=LOCAL_CELL/REF[DONNÉESSOMIDA],J59,=+I59/'Données SOMIDA'!$E$11,,,,TO_REVIEW
RULE_0042,Primes,AGGREGATION,143,=SUM(LOCAL_RANGE),P3,=SUM(D3:O3),,,,TO_REVIEW
RULE_0043,Production,ORDER_DEPENDENCY,138,=REF[COMMANDES],D2,=+Commandes!C27,,,,TO_REVIEW
RULE_0044,Besoins en micas,CROSS_SHEET_REFERENCE,132,=LOCAL_CELL*REF[DONNÉESSOMIDA],C47,=+C14*'Données SOMIDA'!$D$65,,,,TO_REVIEW
RULE_0045,CA,CROSS_SHEET_REFERENCE,132,"=_XLFN.XLOOKUP(LOCAL_CELL,REF[DONNÉESSOMIDA]:LOCAL_CELL,REF[DONNÉESSOMIDA]:LOCAL_CELL)",B59,"=_xlfn.XLOOKUP(C59,'Données SOMIDA'!$C$18:$C$28,'Données SOMIDA'!$B$18:$B$28)",,,,TO_REVIEW
RULE_0046,CA,CROSS_SHEET_REFERENCE,132,"=IF(LOCAL_CELL=""LOCAL_CELL"",REF[DONNÉESSOMIDA],VLOOKUP(LOCAL_CELL,REF[DONNÉESSOMIDA]:LOCAL_CELL,12,FALSE))",F59,"=IF(C59=""FP1"",'Données SOMIDA'!$N$83,VLOOKUP(E59,'Données SOMIDA'!$C$79:$N$85,12,FALSE))",,,,TO_REVIEW
RULE_0047,Détails Achats direct,CROSS_SHEET_REFERENCE,132,=REF[BESOINSENMICAS],D3,=+'Besoins en micas'!C43,,,,TO_REVIEW
RULE_0048,Primes,LOCAL_REFERENCE,130,=LOCAL_CELL,C16,=+C23,,,,TO_REVIEW
RULE_0049,AN,ARITHMETIC,125,=LOCAL_CELL+LOCAL_CELL+LOCAL_CELL,D12,=+D58+D61+D60,,,,TO_REVIEW
RULE_0050,Invest FD,LOCAL_REFERENCE,124,=LOCAL_CELL,B13,=+B3,,,,TO_REVIEW
RULE_0051,Prestation,AGGREGATION,123,=SUM(LOCAL_RANGE),P4,=SUM(D4:O4),,,,TO_REVIEW
RULE_0052,Commandes,LOCAL_REFERENCE,114,=LOCAL_CELL,C2,=+C45,,,,TO_REVIEW
RULE_0053,Stat,LOCAL_REFERENCE,108,"=_XLFN.XLOOKUP(LOCAL_CELL,O:O,N:N)",B4,"=_xlfn.XLOOKUP(C4,O:O,N:N)",,,,TO_REVIEW
RULE_0054,Stat,CROSS_SHEET_REFERENCE,108,"=IF(LOCAL_CELL=""LOCAL_CELL"",REF[DONNÉESSOMIDA],VLOOKUP(LOCAL_CELL,REF[DONNÉESSOMIDA]:LOCAL_CELL,5,FALSE))",G4,"=IF(C4=""FP1"",'Données SOMIDA'!$G$73,VLOOKUP(E4,'Données SOMIDA'!$C$71:$G$75,5,FALSE))",,,,TO_REVIEW
RULE_0055,Stat,CROSS_SHEET_REFERENCE,108,"=VLOOKUP(LOCAL_CELL,REF[DONNÉESSOMIDA]:LOCAL_CELL,3,FALSE)",I4,"=+VLOOKUP(E4,'Données SOMIDA'!$C$71:$E$75,3,FALSE)",,,,TO_REVIEW
RULE_0056,Commandes,MULTIPLICATION,108,=LOCAL_CELL*LOCAL_CELL,C28,=+C10*$C$4,,,,TO_REVIEW
RULE_0057,Calcul,CROSS_SHEET_REFERENCE,108,=REF[CA]*1000,F114,=CA!G59*1000,,,,TO_REVIEW
RULE_0058,Besoins en micas,CROSS_SHEET_REFERENCE,108,"=_XLFN.XLOOKUP(LOCAL_CELL,REF[DONNÉESSOMIDA]:LOCAL_CELL,REF[DONNÉESSOMIDA]:LOCAL_CELL)",C142,"=_xlfn.XLOOKUP(D142,'Données SOMIDA'!$C$31:$C$42,'Données SOMIDA'!$B$31:$B$42)",,,,TO_REVIEW
RULE_0059,Besoins en micas,CROSS_SHEET_REFERENCE,108,"=IF(LOCAL_CELL=""LOCAL_CELLGAZ"",REF[DONNÉESSOMIDA],VLOOKUP(REF[BESOINSENMICAS],REF[DONNÉESSOMIDA]:LOCAL_CELL,5,FALSE))",G142,"=IF(D142=""FP1 GAZ"",'Données SOMIDA'!$G$73,VLOOKUP('Besoins en micas'!E142,'Données SOMIDA'!$C$71:$G$77,5,FALSE))",,,,TO_REVIEW
RULE_0060,Besoins en micas,CROSS_SHEET_REFERENCE,108,"=IF(LOCAL_CELL=""LOCAL_CELLGAZ"",PARAM[AUGMENTATION_GLOBALE_SALAIRE]3,VLOOKUP(LOCAL_CELL,REF[DONNÉESSOMIDA]:LOCAL_CELL,3,FALSE))",I142,"=IF(D142=""FP1 GAZ"",'Données SOMIDA'!$E$73,VLOOKUP(E142,'Données SOMIDA'!$C$71:$E$75,3,FALSE))",,,,TO_REVIEW
RULE_0061,CA,ORDER_DEPENDENCY,108,=REF[COMMANDES],C4,=+Commandes!C28,,,,TO_REVIEW
RULE_0062,CA,CROSS_SHEET_REFERENCE,108,"=IF(LOCAL_CELL=""LOCAL_CELLCOUPE"",REF[DONNÉESSOMIDA],VLOOKUP(LOCAL_CELL,REF[DONNÉESSOMIDA]:LOCAL_CELL,5,FALSE))",H59,"=IF(C59=""FP1 COUPE"",'Données SOMIDA'!$G$83,VLOOKUP(E59,'Données SOMIDA'!$C$79:$G$85,5,FALSE))",,,,TO_REVIEW
RULE_0063,CA,MULTIPLICATION,108,=LOCAL_CELL*LOCAL_CELL,I59,=+G59*H59,,,,TO_REVIEW
RULE_0064,AN,CROSS_SHEET_REFERENCE,108,=-REF[I&T]/1000,D126,=-'I&T'!D3/1000,,,,TO_REVIEW
RULE_0065,Commandes,AGGREGATION,106,=SUM(LOCAL_RANGE),O10,=SUM(C10:N10),,,,TO_REVIEW
RULE_0066,CA,AGGREGATION,105,=SUM(LOCAL_RANGE),O4,=SUM(C4:N4),,,,TO_REVIEW
RULE_0067,Sal,CROSS_SHEET_REFERENCE,102,=REF[FELOCAL_CELL],B30,=+Feuil3!B38,,,,TO_REVIEW
RULE_0068,CR Nature FD,AGGREGATION,102,=SUM(LOCAL_RANGE),O4,=+SUM(C4:N4),,,,TO_REVIEW
RULE_0069,Sal,DIVISION,97,=LOCAL_CELL/LOCAL_CELL,R3,=+P3/$P$7,,,,TO_REVIEW
RULE_0070,Emprunts FD,ARITHMETIC,95,=LOCAL_CELL+1,B15,=+B14+1,,,,TO_REVIEW
RULE_0071,Besoins en micas,ARITHMETIC,90,=LOCAL_CELL+LOCAL_CELL+LOCAL_CELL,C56,=+C53+C48+C55,,,,TO_REVIEW
RULE_0072,Emprunts FD,MULTIPLICATION,90,"=IF(LOCAL_CELL="""","""",IF(LOCAL_CELL+1>LOCAL_CELL,"""",LOCAL_CELL*LOCAL_CELL))",G20,"=IF(A20="" "","" "",IF(A20+1>$D$8,"" "",E20*$E$8))",,,,TO_REVIEW
RULE_0073,Emprunts FD,ARITHMETIC,89,"=IF(LOCAL_CELL="""","""",IF(LOCAL_CELL+1>LOCAL_CELL,"""",LOCAL_CELL+1))",A21,"=IF(A20="" "","" "",IF(A20+1>$D$8,"" "",A20+1))",,,,TO_REVIEW
RULE_0074,Stat,LOCAL_REFERENCE,88,=LOCAL_CELL,N3,=+B3,,,,TO_REVIEW
RULE_0075,BL,LOCAL_REFERENCE,87,"=RIGHT(LOCAL_CELL,3)",F5,"=RIGHT(A5,3)",,,,TO_REVIEW
RULE_0076,AN,ARITHMETIC,86,=-LOCAL_CELL,H6,=-H8,,,,TO_REVIEW
RULE_0077,AN,ARITHMETIC,86,=-LOCAL_CELL-LOCAL_CELL,C19,=-C13-C18,,,,TO_REVIEW
RULE_0078,Stat,AGGREGATION,84,"=SUMIF(LOCAL_RANGE,LOCAL_CELL,LOCAL_RANGE)",Q4,"=SUMIF($C$4:$F$12,$C$4,$F$4:$F$12)",,,,TO_REVIEW
RULE_0079,Feuil3,CROSS_SHEET_REFERENCE,84,=REF[ORG],B5,=+Org!AC14,,,,TO_REVIEW
RULE_0080,Prestation,MULTIPLICATION,82,=LOCAL_CELL*LOCAL_CELL,D25,=+$C$25*D12,,,,TO_REVIEW
RULE_0081,Production,CROSS_SHEET_REFERENCE,80,=LOCAL_CELL/REF[DONNÉESSOMIDA],D72,=+D71/'Données SOMIDA'!$E$12,,,,TO_REVIEW
RULE_0082,CR Nature FD,ARITHMETIC,79,=LOCAL_CELL-LOCAL_CELL,C14,=C10-C13,,,,TO_REVIEW
RULE_0083,CR Nature FD,LOCAL_REFERENCE,77,=LOCAL_CELL,C38,=+C2,,,,TO_REVIEW
RULE_0084,AMPANDRANDAVA,OTHER,76,"=""SOCIETEDESMINESD'AMPANDRANDAVA""",V2,"=""SOCIETE DES MINES D'AMPANDRANDAVA""",,,,TO_REVIEW
RULE_0085,AN,ARITHMETIC,76,=LOCAL_CELL-LOCAL_CELL,C159,=+C158-C37,,,,TO_REVIEW
RULE_0086,AMPANDRANDAVA,OTHER,74,"=""ESPÈCES""",W2,"=""Espèces""",,,,TO_REVIEW
RULE_0087,AMPANDRANDAVA,OTHER,74,"=""""",C3,"=""""",,,,TO_REVIEW
RULE_0088,FORT DAUPHIN,DIVISION,73,=LOCAL_CELL/LOCAL_CELL,J3,=+J5/D5,,,,TO_REVIEW
RULE_0089,FORT DAUPHIN,MULTIPLICATION,72,=LOCAL_CELL*LOCAL_CELL,L148,=+J148*K148,,,,TO_REVIEW
RULE_0090,Commandes,MULTIPLICATION,72,"=ROUND((+LOCAL_CELL)*(1+LOCAL_CELL),0)*1000",C51,"=ROUND((+C28)*(1+$C$47),0)*1000",,,,TO_REVIEW
RULE_0091,Achat,AGGREGATION,70,=SUM(LOCAL_RANGE),P4,=SUM(D4:O4),,,,TO_REVIEW
RULE_0092,Détails Achats direct,AGGREGATION,69,=SUM(LOCAL_RANGE),P4,=SUM(D4:O4),,,,TO_REVIEW
RULE_0093,Primes,CROSS_SHEET_REFERENCE,67,=REF[ORG],F16,=+Org!M34,,,,TO_REVIEW
RULE_0094,Production,CROSS_SHEET_REFERENCE,65,=-+REF[BESOINSENMICAS],D77,=-+'Besoins en micas'!C113,,,,TO_REVIEW
RULE_0095,Production,AGGREGATION,65,=-SUM(LOCAL_RANGE)*REF[BESOINSENMICAS],D82,=-SUM(D76:D81)*'Besoins en micas'!$P$113,,,,TO_REVIEW
RULE_0096,FORT DAUPHIN,MULTIPLICATION,64,=LOCAL_CELL*13,G141,=+E141*13,,,,TO_REVIEW
RULE_0097,FORT DAUPHIN,MULTIPLICATION,64,=LOCAL_CELL*5,H141,=+F141*5,,,,TO_REVIEW
RULE_0098,Données SOMIDA,LOCAL_REFERENCE,63,=LOCAL_CELL,E11,=+E5,,,,TO_REVIEW
RULE_0099,Feuil3,AGGREGATION,62,=SUM(LOCAL_RANGE),C12,=SUM(C5:C11),,,,TO_REVIEW
RULE_0100,Production,AGGREGATION,60,"=SUMIF(LOCAL_RANGE,LOCAL_CELL,LOCAL_RANGE)",D88,"=SUMIF($B$77:$B$86,$B$77,D77:D86)",,,,TO_REVIEW
RULE_0101,CA,CURRENCY_CONVERSION,60,=LOCAL_CELL*REF[DONNÉESSOMIDA]*PARAM[TAUX_CHANGE_EUR],C19,=+C4*'Données SOMIDA'!$D$79*'Données SOMIDA'!$E$6,,,,TO_REVIEW
RULE_0102,CA,AGGREGATION,60,"=SUMIF(LOCAL_RANGE,LOCAL_CELL,LOCAL_RANGE)*LOCAL_CELL",C45,"=+SUMIF($B$18:$B$31,$B$45,C18:C31)*$C$44",,,,TO_REVIEW
RULE_0103,Primes,MULTIPLICATION,60,=LOCAL_CELL*LOCAL_CELL/12,E65,=+D65*$E$62/12,,,,TO_REVIEW
RULE_0104,Sal,CROSS_SHEET_REFERENCE,56,=REF[BESOINSENMICAS],B3,=+'Besoins en micas'!B82,,,,TO_REVIEW
RULE_0105,Primes,CROSS_SHEET_REFERENCE,56,=REF[BESOINSENMICAS],C3,=+'Besoins en micas'!B3,,,,TO_REVIEW
RULE_0106,Sal,ARITHMETIC,52,=LOCAL_CELL+LOCAL_CELL+LOCAL_CELL,D195,=+D192+D193+D194,,,,TO_REVIEW
RULE_0107,Etat_Trésorerie FD,AGGREGATION,52,"=SUM(LOCAL_CELL,LOCAL_CELL)",D38,"=SUM(D17,D37)",,,,TO_REVIEW
RULE_0108,AN,ARITHMETIC,52,=LOCAL_CELL+LOCAL_CELL+LOCAL_CELL+LOCAL_CELL,D39,=+D163+D164+D167+D168,,,,TO_REVIEW
RULE_0109,Feuil3,MULTIPLICATION,51,=LOCAL_CELL*1%,N5,=+H5*1%,,,,TO_REVIEW
RULE_0110,Etat_Trésorerie FD,CROSS_SHEET_REFERENCE,51,=REF[LOCAL_CELL-AN],D70,=+D69-AN!D219,,,,TO_REVIEW
RULE_0111,Invest FD,AGGREGATION,51,=SUM(LOCAL_RANGE),O4,=SUM(C4:N4),,,,TO_REVIEW
RULE_0112,Détails FF FD,AGGREGATION,50,=SUM(LOCAL_RANGE),O3,=SUM(C3:N3),,,,TO_REVIEW
RULE_0113,Production,DIVISION,49,"=IFERROR(+LOCAL_CELL/LOCAL_CELL,0)",D71,"=IFERROR(+D68/D69,0)",,,,TO_REVIEW
RULE_0114,Besoins en micas,AGGREGATION,48,"=SUMIF(LOCAL_RANGE,LOCAL_CELL,LOCAL_RANGE)*REF[DONNÉESSOMIDA]",C113,"=SUMIF($B$44:$B$52,$B$113,C44:C52)*'Données SOMIDA'!$N$71",,,,TO_REVIEW
RULE_0115,Besoins en micas,AGGREGATION,48,"=SUMIF(LOCAL_RANGE,LOCAL_CELL,LOCAL_RANGE)",C123,"=SUMIF($B$44:$B$52,$B$113,C44:C52)",,,,TO_REVIEW
RULE_0116,Org (2),LOCAL_REFERENCE,47,=LOCAL_CELL,N21,=+N19,,,,TO_REVIEW
RULE_0117,AMPANDRANDAVA,OTHER,47,"=""JOURNALIER""",U25,"=""JOURNALIER""",,,,TO_REVIEW
RULE_0118,FORT DAUPHIN,AGGREGATION,43,"=SUBTOTAL(9,LOCAL_RANGE)",G5,"=SUBTOTAL(9,G7:G135)",,,,TO_REVIEW
RULE_0119,Org,LOCAL_REFERENCE,43,=LOCAL_CELL,AN31,=+AC14,,,,TO_REVIEW
RULE_0120,Org (2),MULTIPLICATION,43,=LOCAL_CELL*13%,BB14,=+AM14*13%,,,,TO_REVIEW
RULE_0121,CR Nature FD,CROSS_SHEET_REFERENCE,41,=REF[CA],B4,=+CA!B18,,,,TO_REVIEW
RULE_0122,Goodeis,MULTIPLICATION,40,=LOCAL_CELL*LOCAL_CELL,B8,=B6*B7,,,,TO_REVIEW
RULE_0123,Production,CROSS_SHEET_REFERENCE,39,=REF[DONNÉESSOMIDA],B3,=+'Données SOMIDA'!C18,,,,TO_REVIEW
RULE_0124,Production,ARITHMETIC,39,=LOCAL_CELL+LOCAL_CELL-LOCAL_CELL,D59,=+D47+D51-D55,,,,TO_REVIEW
RULE_0125,Besoins en micas,ARITHMETIC,39,=LOCAL_CELL+LOCAL_CELL-LOCAL_CELL,C22,=+C10+C14-C18,,,,TO_REVIEW
RULE_0126,Achat,LOCAL_REFERENCE,39,=LOCAL_CELL,D31,=+D29,,,,TO_REVIEW
RULE_0127,CR Nature FD,SERVICE_DEPENDENCY,39,=REF[PRESTATION],C12,=+Prestation!D71,,,,TO_REVIEW
RULE_0128,CR Nature FD,PURCHASE_DEPENDENCY,38,=REF[ACHAT],C11,=+Achat!D29,,,,TO_REVIEW
RULE_0129,CR Nature FD,CROSS_SHEET_REFERENCE,38,=REF[I&T],C16,=+'I&T'!D12,,,,TO_REVIEW
RULE_0130,Org (2),ARITHMETIC,37,=LOCAL_CELL+LOCAL_CELL+LOCAL_CELL,BI34,=+AO34+BC34+BF34,,,,TO_REVIEW
RULE_0131,CA,DIVISION,37,"=IFERROR(+LOCAL_CELL/LOCAL_CELL,0)",M77,"=IFERROR(+N77/L77,0)",,,,TO_REVIEW
RULE_0132,I&T,AGGREGATION,37,=SUM(LOCAL_RANGE),P3,=SUM(D3:O3),,,,TO_REVIEW
RULE_0133,Stat,BROKEN_REFERENCE,36,"=VLOOKUP(LOCAL_CELL,#REF!,4,FALSE)",R4,"=+VLOOKUP(O4,#REF!,4,FALSE)",,,,INVALID
RULE_0134,Commandes,MULTIPLICATION,36,"=ROUND((+LOCAL_CELL)*(1-LOCAL_CELL),0)*1000",K51,"=ROUND((+K28)*(1-$C$47),0)*1000",,,,TO_REVIEW
RULE_0135,Production,CROSS_SHEET_REFERENCE,36,=REF[DONNÉESSOMIDA]*1000,D3,=+'Données SOMIDA'!$E$18*1000,,,,TO_REVIEW
RULE_0136,Production,CROSS_SHEET_REFERENCE,36,"=_XLFN.XLOOKUP(LOCAL_CELL,REF[DONNÉESSOMIDA]:LOCAL_CELL,REF[DONNÉESSOMIDA]:LOCAL_CELL)",K139,"=+_xlfn.XLOOKUP(J139,'Données SOMIDA'!$B$18:$B$28,'Données SOMIDA'!$C$18:$C$28)",,,,TO_REVIEW
RULE_0137,Production,PRODUCTION_DEPENDENCY,36,=REF[PRODUCTION],L139,=+Production!D$9,,,,TO_REVIEW
RULE_0138,Production,PRODUCTION_DEPENDENCY,36,=REF[PRODUCTION]*REF[PRODUCTION]/REF[PRODUCTION],N139,=+Production!$D$68*Production!D9/Production!$D$12,,,,TO_REVIEW
RULE_0139,Traitement,DIVISION,36,"=VLOOKUP(LOCAL_CELL,LOCAL_RANGE,2,FALSE)/1000",G20,"=VLOOKUP(E20,$A$20:$B$31,2,FALSE)/1000",,,,TO_REVIEW
RULE_0140,Traitement,LOCAL_REFERENCE,36,"=IF(LOCAL_CELL=MAX(LOCAL_RANGE),LOCAL_CELL,"""")",H20,"=IF(G20=MAX($G$20:$G$31),G20,"""")",,,,TO_REVIEW
RULE_0141,Traitement,DIVISION,36,"=VLOOKUP(LOCAL_CELL,LOCAL_RANGE,2,FALSE)/1000000",G66,"=+VLOOKUP(E66,$A$66:$C$77,2,FALSE)/1000000",,,,TO_REVIEW
RULE_0142,Traitement,DIVISION,36,"=VLOOKUP(LOCAL_CELL,LOCAL_RANGE,3,FALSE)/1000000",H66,"=+VLOOKUP(E66,$A$66:$C$77,3,FALSE)/1000000",,,,TO_REVIEW
RULE_0143,Besoins en micas,YIELD_CALCULATION,36,=LOCAL_CELL*PARAM[RENDEMENT_MICA_BRUT_GAZ],C31,=+C3*'Données SOMIDA'!$D$58,,,,TO_REVIEW
RULE_0144,Besoins en micas,ORDER_DEPENDENCY,36,=REF[COMMANDES],C37,=+Commandes!C32,,,,TO_REVIEW
RULE_0145,Sal,MULTIPLICATION,36,=LOCAL_CELL*LOCAL_CELL*25,D20,=+$C$20*$C$10*25,,,,TO_REVIEW
RULE_0146,Feuil3,ARITHMETIC,34,=LOCAL_CELL+LOCAL_CELL,H5,=+G5+E5,,,,TO_REVIEW
RULE_0147,Détails FF FD,LOCAL_REFERENCE,34,=LOCAL_CELL,C9,=+C2,,,,TO_REVIEW
RULE_0148,Org,MULTIPLICATION,33,=LOCAL_CELL*13%,BB14,=+AM14*13%,,,,TO_REVIEW
RULE_0149,Feuil3,MULTIPLICATION,33,=LOCAL_CELL*LOCAL_CELL,E5,=+C5*D5,,,,TO_REVIEW
RULE_0150,Feuil3,MULTIPLICATION,33,=LOCAL_CELL*0.13,J5,=+H5*0.13,,,,TO_REVIEW
RULE_0151,Feuil3,ARITHMETIC,33,=LOCAL_CELL+LOCAL_CELL+LOCAL_CELL,K5,=+H5+I5+J5,,,,TO_REVIEW
RULE_0152,Feuil3,ARITHMETIC,33,=LOCAL_CELL-LOCAL_CELL-LOCAL_CELL-LOCAL_CELL,O5,=+H5-L5-M5-N5,,,,TO_REVIEW
RULE_0153,Données SOMIDA,MULTIPLICATION,30,=LOCAL_CELL*12,D18,=+E18*12,,,,TO_REVIEW
RULE_0154,Org,ARITHMETIC,30,=LOCAL_CELL+LOCAL_CELL+LOCAL_CELL,BG31,=+AW31+BA31+BD31,,,,TO_REVIEW
RULE_0155,Etat_Trésorerie FD,LOCAL_REFERENCE,30,=LOCAL_CELL,D71,=+C79,,,,TO_REVIEW
RULE_0156,Org,MULTIPLICATION,29,=LOCAL_CELL*LOCAL_CELL,AM14,=+AG14*AL14,,,,TO_REVIEW
RULE_0157,Production,BROKEN_REFERENCE,29,=#REF!,D37,=+#REF!,,,,INVALID
RULE_0158,Sal,ARITHMETIC,29,=LOCAL_CELL+LOCAL_CELL+LOCAL_CELL+LOCAL_CELL,C71,=+C70+C66+C60+C46,,,,TO_REVIEW
RULE_0159,Etat_Trésorerie FD,ARITHMETIC,28,=LOCAL_CELL-LOCAL_CELL,E85,=+E84-D85,,,,TO_REVIEW
RULE_0160,Org,LOCAL_REFERENCE,27,"=IF(LOCAL_CELL=""FO"",""PRIMEDERENDEMENT"",""BASE1MOISSALAIRE"")",AU14,"=+IF(AB14=""FO"",""Prime de rendement"",""Base 1 mois salaire"")",,,,TO_REVIEW
RULE_0161,Org (2),MULTIPLICATION,27,=LOCAL_CELL*LOCAL_CELL,AM14,=+AG14*AL14,,,,TO_REVIEW
RULE_0162,Détails,MULTIPLICATION,27,=LOCAL_CELL*LOCAL_CELL,C8,=+$B$8*C4,,,,TO_REVIEW
RULE_0163,Feuil3,MULTIPLICATION,27,=LOCAL_CELL*0.05,I5,=+H5*0.05,,,,TO_REVIEW
RULE_0164,CR Nature FD,DIVISION,27,=LOCAL_CELL/LOCAL_CELL,O37,=+O36/O10,,,,TO_REVIEW
RULE_0165,Détails,ARITHMETIC,26,=LOCAL_CELL+LOCAL_CELL,C6,=+C4+C5,,,,TO_REVIEW
RULE_0166,Production,ARITHMETIC,26,=LOCAL_CELL-LOCAL_CELL,D14,=+D6-D12,,,,TO_REVIEW
RULE_0167,Besoins en micas,DIVISION,26,"=IFERROR(LOCAL_CELL/LOCAL_CELL,"""")",C134,"=+IFERROR(C114/C124,"""")",,,,TO_REVIEW
RULE_0168,Sal,AGGREGATION,26,=-SUM(LOCAL_RANGE),D164,=-SUM(D160:D163),,,,TO_REVIEW
RULE_0169,Prestation,PURCHASE_DEPENDENCY,26,=REF[ACHAT],D18,=+Achat!D2,,,,TO_REVIEW
RULE_0170,CR Nature FD,DIVISION,26,"=IFERROR(+LOCAL_CELL/LOCAL_CELL,"""")",C74,"=IFERROR(+C73/C72,"""")",,,,TO_REVIEW
RULE_0171,Etat_Trésorerie FD,AGGREGATION,26,"=SUM(LOCAL_CELL,LOCAL_CELL,LOCAL_CELL,LOCAL_CELL)",D37,"=SUM(D35,D31,D27,D22)",,,,TO_REVIEW
RULE_0172,Sal,MULTIPLICATION,25,=LOCAL_CELL*0.18,D167,=+D166*0.18,,,,TO_REVIEW
RULE_0173,Amort,AGGREGATION,25,=SUM(LOCAL_RANGE),O3,=SUM(C3:N3),,,,TO_REVIEW
RULE_0174,CR Nature FD,ARITHMETIC,25,=LOCAL_CELL+LOCAL_CELL,C27,=C23+C26,,,,TO_REVIEW
RULE_0175,Etat_Trésorerie FD,CROSS_SHEET_REFERENCE,25,=REF[-(AN]),D21,=-(AN!D75),,,,TO_REVIEW
RULE_0176,AN,CROSS_SHEET_REFERENCE,25,=-REF[CRNATUREFD]/1000,D7,=-'CR Nature FD'!C36/1000,,,,TO_REVIEW
RULE_0177,AN,AGGREGATION,25,=-SUM(LOCAL_RANGE),G96,=-SUM(D95:F95),,,,TO_REVIEW
RULE_0178,AMPANDRANDAVA,OTHER,24,"=""PERMANENT""",U3,"=""PERMANENT""",,,,TO_REVIEW
RULE_0179,Production,AGGREGATION,24,=REF[SUM(CA]:LOCAL_CELL)*1000,D55,=+SUM(CA!C4:C7)*1000,,,,TO_REVIEW
RULE_0180,Besoins en micas,YIELD_CALCULATION,24,=REF[PRODUCTION]/PARAM[RENDEMENT_MICA_BRUT_GAZ],C3,=+Production!D9/'Données SOMIDA'!$D$58,,,,TO_REVIEW
RULE_0181,Besoins en micas,MULTIPLICATION,24,=LOCAL_CELL*(1+LOCAL_CELL),C14,=+C3*(1+$C$8),,,,TO_REVIEW
RULE_0182,Besoins en micas,PURCHASE_ALLOCATION,24,=LOCAL_CELL*PARAM[PART_ACHAT_TRANOMARO],C44,=+C14*'Données SOMIDA'!$D$62,,,,TO_REVIEW
RULE_0183,Besoins en micas,PURCHASE_ALLOCATION,24,=LOCAL_CELL*PARAM[PART_ACHAT_AMPANDRANDAVA],C45,=+C14*'Données SOMIDA'!$D$63,,,,TO_REVIEW
RULE_0184,Besoins en micas,PURCHASE_ALLOCATION,24,=LOCAL_CELL*PARAM[PART_ACHAT_FORT_DAUPHIN],C46,=+C14*'Données SOMIDA'!$D$64,,,,TO_REVIEW
RULE_0185,CA,CURRENCY_CONVERSION,24,=LOCAL_CELL*REF[DONNÉESSOMIDA]*PARAM[TAUX_CHANGE_USD],C21,=+C6*'Données SOMIDA'!$D$81*'Données SOMIDA'!$E$5,,,,TO_REVIEW
RULE_0186,CA,CROSS_SHEET_REFERENCE,24,=LOCAL_CELL*REF[DONNÉESSOMIDA]*REF[DONNÉESSOMIDA],C22,=+C7*'Données SOMIDA'!$D$82*'Données SOMIDA'!$E$12,,,,TO_REVIEW
RULE_0187,CA,OTHER,24,=PARAM[LOYER_1_MENSUEL],H170,=+'Données SOMIDA'!$E$27,,,,TO_REVIEW
RULE_0188,CA,OTHER,24,=PARAM[LOYER_2_MENSUEL],H171,=+'Données SOMIDA'!$E$28,,,,TO_REVIEW
RULE_0189,Sal,MULTIPLICATION,24,=LOCAL_CELL*LOCAL_CELL*LOCAL_CELL,D15,=+$C$15*D8*$C$10,,,,TO_REVIEW
RULE_0190,Sal,ARITHMETIC,24,=-LOCAL_CELL,D169,=-D167,,,,TO_REVIEW
RULE_0191,Primes,MULTIPLICATION,24,"=ROUNDUP(+LOCAL_CELL*LOCAL_CELL,-2)",D41,"=ROUNDUP(+D30*D24,-2)",,,,TO_REVIEW
RULE_0192,Achat,CROSS_SHEET_REFERENCE,24,"=IFERROR(-REF[BESOINSENMICAS],"""")",D5,"=IFERROR(-'Besoins en micas'!C28,"""")",,,,TO_REVIEW
RULE_0193,Achat,AGGREGATION,24,"=SUMIF(LOCAL_RANGE,LOCAL_CELL,LOCAL_RANGE)",D39,"=+SUMIF($R$4:$R$28,$R$4,D4:D28)",,,,TO_REVIEW
RULE_0194,Prestation,AGGREGATION,24,"=SUMIF(LOCAL_RANGE,LOCAL_CELL,LOCAL_RANGE)",D83,"=SUMIF($Q$42:$Q$70,$Q$42,D42:D70)",,,,TO_REVIEW
RULE_0195,CR Nature FD,AGGREGATION,24,=REF[SUM(CA]:LOCAL_CELL),C4,=+SUM(CA!C19:C22),,,,TO_REVIEW
RULE_0196,CR Nature FD,CROSS_SHEET_REFERENCE,24,=REF[AUTRES],C19,=+Autres!C5,,,,TO_REVIEW
RULE_0197,CR Nature FD,CROSS_SHEET_REFERENCE,24,=REF[AMORT],C20,=+Amort!C15,,,,TO_REVIEW
RULE_0198,CR Nature FD,CROSS_SHEET_REFERENCE,24,=REF[FRAISFINANCIER],C25,=+'Frais financier'!C3,,,,TO_REVIEW
RULE_0199,CR Nature FD,SALARY_DEPENDENCY,24,=REF[SAL]+REF[SAL],C46,=+Sal!D184+Sal!D186,,,,TO_REVIEW
RULE_0200,AN,SALARY_DEPENDENCY,24,=REF[SAL]/1000,D89,=Sal!D181/1000,,,,TO_REVIEW
RULE_0201,AN,CROSS_SHEET_REFERENCE,24,=REF[CA],D179,=+CA!D38,,,,TO_REVIEW
RULE_0202,Détails FF FD,ARITHMETIC,24,"=IFERROR(+LOCAL_CELL+LOCAL_CELL,0)",C17,"=IFERROR(+C10+C3,0)",,,,TO_REVIEW
RULE_0203,Feuil1 (2),AGGREGATION,22,"=SUBTOTAL(9,LOCAL_RANGE)",D1,"=SUBTOTAL(9,D4:D28)",,,,TO_REVIEW
RULE_0204,Données SOMIDA,MULTIPLICATION,21,=LOCAL_CELL*25,E18,=+F18*25,,,,TO_REVIEW
RULE_0205,Org (2),ARITHMETIC,21,=LOCAL_CELL+LOCAL_CELL,BE14,=+AM14+BB14,,,,TO_REVIEW
RULE_0206,Org (2),MULTIPLICATION,20,=LOCAL_CELL*5%,AB169,=+N169*5%,,,,TO_REVIEW
RULE_0207,AMPANDRANDAVA,LOCAL_REFERENCE,20,"=""LOCAL_CELL""",F2,"=""M1""",,,,TO_REVIEW
RULE_0208,Données SOMIDA,AGGREGATION,19,=SUM(LOCAL_RANGE),E67,=SUM(E62:E65),,,,TO_REVIEW
RULE_0209,OKB FP1,MULTIPLICATION,19,=LOCAL_CELL*LOCAL_CELL,E16,=B16*C16,,,,TO_REVIEW
RULE_0210,Invest FD,BROKEN_REFERENCE,19,=#REF!,B4,=+#REF!,,,,INVALID
RULE_0211,Org,MULTIPLICATION,18,=LOCAL_CELL*5%,AB63,=+N63*5%,,,,TO_REVIEW
RULE_0212, OKB TRA ABR,MULTIPLICATION,18,=LOCAL_CELL*LOCAL_CELL,E15,=B15*C15,,,,TO_REVIEW
RULE_0213,Org (2),AGGREGATION,18,=SUM(LOCAL_RANGE),N19,=SUM(N15:R18),,,,TO_REVIEW
RULE_0214,AN,CROSS_SHEET_REFERENCE,18,=REF[DÉTAILSFFFD]/1000,D60,=+'Détails FF FD'!C3/1000,,,,TO_REVIEW
RULE_0215,Org (2),MULTIPLICATION,17,=LOCAL_CELL*2,X220,=+J220*2,,,,TO_REVIEW
RULE_0216,Feuil3,MULTIPLICATION,17,"=IF((LOCAL_CELL+LOCAL_CELL)<350000,2000,(LOCAL_CELL+LOCAL_CELL)*0.2)*LOCAL_CELL",L5,"=+IF((D5+F5)<350000,2000,(D5+F5)*0.2)*C5",,,,TO_REVIEW
RULE_0217,CA,PRODUCTION_DEPENDENCY,17,=REF[PRODUCTION],C2,=+Production!D8,,,,TO_REVIEW
RULE_0218,Données SOMIDA,MULTIPLICATION,16,=LOCAL_CELL*(1+LOCAL_CELL)^LOCAL_CELL,F11,=+$E$11*(1+$D$10)^F10,,,,TO_REVIEW
RULE_0219,AMPANDRANDAVA,OTHER,16,"=""MANUTENTIONNAIRE""",D34,"=""MANUTENTIONNAIRE""",,,,TO_REVIEW
RULE_0220,Feuil3,MULTIPLICATION,16,"=IF((LOCAL_CELL+LOCAL_CELL)<350000,2000,(LOCAL_CELL+LOCAL_CELL)*0.2)",L38,"=+IF((D38+F38)<350000,2000,(D38+F38)*0.2)",,,,TO_REVIEW
RULE_0221,Primes,MULTIPLICATION,16,=LOCAL_CELL*LOCAL_CELL*LOCAL_CELL*1000,G16,=+D16*F16*$G$15*1000,,,,TO_REVIEW
RULE_0222,FORT DAUPHIN,AGGREGATION,15,=SUM(LOCAL_RANGE),G138,=SUM(G7:G135),,,,TO_REVIEW
RULE_0223,Org,AGGREGATION,15,=SUM(LOCAL_RANGE),N19,=SUM(N15:R18),,,,TO_REVIEW
RULE_0224,Détails,MULTIPLICATION,15,=LOCAL_CELL*4,D25,=+C25*4,,,,TO_REVIEW
RULE_0225,Autres,AGGREGATION,15,=SUM(LOCAL_RANGE),O3,=SUM(C3:N3),,,,TO_REVIEW
RULE_0226,BL,AGGREGATION,14,"=SUBTOTAL(9,LOCAL_RANGE)",H3,"=+SUBTOTAL(9,H5:H201)",,,,TO_REVIEW
RULE_0227,Stat,DIVISION,14,=LOCAL_CELL/LOCAL_CELL,AD4,=+AC4/Y4,,,,TO_REVIEW
RULE_0228,Org,ARITHMETIC,14,=LOCAL_CELL+LOCAL_CELL,BE14,=+AM14+BB14,,,,TO_REVIEW
RULE_0229,Recap coupeuses FD,AGGREGATION,14,=SUM(LOCAL_RANGE),B11,=SUM(B8:B10),,,,TO_REVIEW
RULE_0230,AMPANDRANDAVA,AGGREGATION,14,=SUM(LOCAL_RANGE),G78,=SUM(G2:G77),,,,TO_REVIEW
RULE_0231,Détails,AGGREGATION,14,=SUM(LOCAL_RANGE),B28,=SUM(B25:B27),,,,TO_REVIEW
RULE_0232,Primes,CROSS_SHEET_REFERENCE,14,=REF[FELOCAL_CELL],D65,=+Feuil3!E9,,,,TO_REVIEW
RULE_0233,Achat,SERVICE_DEPENDENCY,14,=REF[PRESTATION],D43,=+Prestation!D82,,,,TO_REVIEW
RULE_0234,Prestation,ARITHMETIC,14,=LOCAL_CELL+LOCAL_CELL,D12,=+D11+D8,,,,TO_REVIEW
RULE_0235,Frais financier,AGGREGATION,14,=SUM(LOCAL_RANGE),O3,=SUM(C3:N3),,,,TO_REVIEW
RULE_0236,Etat_Trésorerie FD,ARITHMETIC,14,=LOCAL_CELL+LOCAL_CELL,C81,=C80+C79,,,,TO_REVIEW
RULE_0237,Données SOMIDA,MULTIPLICATION,13,=LOCAL_CELL*LOCAL_CELL,L48,=+L53*L54,,,,TO_REVIEW
RULE_0238,Commandes,AGGREGATION,13,=SUM(LOCAL_CELL),C25,=SUM(C24),,,,TO_REVIEW
RULE_0239,Commandes,ARITHMETIC,13,=LOCAL_CELL+LOCAL_CELL+LOCAL_CELL,C45,=+C32+C39+C43,,,,TO_REVIEW
RULE_0240,Production,DIVISION,13,=(1-+LOCAL_CELL/LOCAL_CELL),D15,=(1-+D14/D6),,,,TO_REVIEW
RULE_0241,Production,MULTIPLICATION,13,=LOCAL_CELL*LOCAL_CELL,C64,=+C62*$P$71,,,,TO_REVIEW
RULE_0242,Production,AGGREGATION,13,=SUM(LOCAL_RANGE)/(LOCAL_CELL+LOCAL_CELL),D94,=+SUM(D88:D91)/(D55+D56),,,,TO_REVIEW
RULE_0243,Production,DIVISION,13,"=IFERROR(+LOCAL_CELL/LOCAL_CELL,"""")",D96,"=IFERROR(+D92/D57,"""")",,,,TO_REVIEW
RULE_0244,Production,CROSS_SHEET_REFERENCE,13,"=IFERROR(+LOCAL_CELL/REF[DONNÉESSOMIDA],"""")",D100,"=IFERROR(+D96/'Données SOMIDA'!$E$11,"""")",,,,TO_REVIEW
RULE_0245,Production,CROSS_SHEET_REFERENCE,13,"=IFERROR(LOCAL_CELL/REF[DONNÉESSOMIDA],"""")",D104,"=IFERROR(D96/'Données SOMIDA'!$E$12,"""")",,,,TO_REVIEW
RULE_0246,Besoins en micas,MULTIPLICATION,13,"=IFERROR(+LOCAL_CELL*LOCAL_CELL,"""")",C27,"=IFERROR(+C25*$O$91,"""")",,,,TO_REVIEW
RULE_0247,Besoins en micas,ARITHMETIC,13,=LOCAL_CELL+LOCAL_CELL+LOCAL_CELL+LOCAL_CELL,C83,=+C61+C66+C75+C70,,,,TO_REVIEW
RULE_0248,CA,AGGREGATION,13,=SUM(LOCAL_RANGE)*0.2,C33,=+SUM(C30:C31)*0.2,,,,TO_REVIEW
RULE_0249,CA,AGGREGATION,13,"=IFERROR(+SUM(LOCAL_RANGE)/LOCAL_CELL,0)",C53,"=IFERROR(+SUM(C19:C28)/C15,0)",,,,TO_REVIEW
RULE_0250,CA,CURRENCY_CONVERSION,13,=LOCAL_CELL/PARAM[TAUX_CHANGE_USD],C55,=+C53/'Données SOMIDA'!$E$5,,,,TO_REVIEW
RULE_0251,Sal,MULTIPLICATION,13,=LOCAL_CELL*1%,D25,=+D24*1%,,,,TO_REVIEW
RULE_0252,Sal,AGGREGATION,13,"=SUMIF(LOCAL_RANGE,""F"",LOCAL_RANGE)",D183,"=SUMIF($Q$24:$Q$157,""F"",D24:D157)",,,,TO_REVIEW
RULE_0253,Sal,AGGREGATION,13,"=SUMIF(LOCAL_RANGE,""V"",LOCAL_RANGE)",D184,"=SUMIF($Q$24:$Q$157,""V"",D24:D157)",,,,TO_REVIEW
RULE_0254,Primes,ORDER_DEPENDENCY,13,=REF[COMMANDES],D2,=+Commandes!C9,,,,TO_REVIEW
RULE_0255,Achat,PURCHASE_DEPENDENCY,13,=REF[ACHAT],B45,=+Achat!B35,,,,TO_REVIEW
RULE_0256,Achat,ARITHMETIC,13,=LOCAL_CELL+LOCAL_CELL+LOCAL_CELL+LOCAL_CELL,D48,=+D44+D45+D46+D47,,,,TO_REVIEW
RULE_0257,Prestation,ARITHMETIC,13,=LOCAL_CELL+LOCAL_CELL+LOCAL_CELL+LOCAL_CELL,D127,=+D123+D124+D125+D126,,,,TO_REVIEW
RULE_0258,I&T,SERVICE_DEPENDENCY,13,=REF[PRESTATION],D2,=+Prestation!D18,,,,TO_REVIEW
RULE_0259,I&T,LOCAL_REFERENCE,13,=LOCAL_CELL,D14,=+D2,,,,TO_REVIEW
RULE_0260,Autres,SERVICE_DEPENDENCY,13,=REF[PRESTATION],C2,=+Prestation!D18,,,,TO_REVIEW
RULE_0261,Amort,SERVICE_DEPENDENCY,13,=REF[PRESTATION],C2,=+Prestation!D18,,,,TO_REVIEW
RULE_0262,Frais financier,SERVICE_DEPENDENCY,13,=REF[PRESTATION],C2,=+Prestation!D18,,,,TO_REVIEW
RULE_0263,CR Nature FD,MULTIPLICATION,13,"=IF(LOCAL_CELL>0,-(+LOCAL_CELL/LOCAL_CELL*LOCAL_CELL),"""")",C63,"=IF(C62>0,-(+C41/C39*C62),"""")",,,,TO_REVIEW
RULE_0264,CR Nature FD,ARITHMETIC,13,"=IF(LOCAL_CELL>0,-LOCAL_CELL,"""")",C64,"=IF(C62>0,-C50,"""")",,,,TO_REVIEW
RULE_0265,CR Nature FD,AGGREGATION,13,"=IF(LOCAL_CELL>0,SUM(LOCAL_RANGE),"""")",C65,"=IF(C62>0,SUM(C62:C64),"""")",,,,TO_REVIEW
RULE_0266,CR Nature FD,CROSS_SHEET_REFERENCE,13,"=IFERROR((+LOCAL_CELL-LOCAL_CELL-LOCAL_CELL)/REF[CA],"""")",C66,"=IFERROR((+C62-C7-C8)/CA!C53,"""")",,,,TO_REVIEW
RULE_0267,CR Nature FD,ARITHMETIC,13,"=IFERROR(+LOCAL_CELL-LOCAL_CELL,"""")",C77,"=IFERROR(+C76-C74,"""")",,,,TO_REVIEW
RULE_0268,Invest FD,PRODUCTION_DEPENDENCY,13,=REF[PRODUCTION],C2,=+Production!D18,,,,TO_REVIEW
RULE_0269,AN,LOCAL_REFERENCE,13,"=IF(LOCAL_CELL>0,LOCAL_CELL,0)",C248,"=+IF(C47>0,C47,0)",,,,TO_REVIEW
RULE_0270,AN,ARITHMETIC,13,"=IF(LOCAL_CELL<0,-LOCAL_CELL,0)",C277,"=+IF(C49<0,-C49,0)",,,,TO_REVIEW
RULE_0271,Commandes,CROSS_SHEET_REFERENCE,12,=REF[BESOINSENMICAS],C9,=+'Besoins en micas'!C2,,,,TO_REVIEW
RULE_0272,Production,MULTIPLICATION,12,=(LOCAL_CELL+LOCAL_CELL)*1000,D1,=+(D9+D10)*1000,,,,TO_REVIEW
RULE_0273,Production,CROSS_SHEET_REFERENCE,12,=REF[CA]*1000,D57,=+CA!C14*1000,,,,TO_REVIEW
RULE_0274,Production,CROSS_SHEET_REFERENCE,12,=REF[CRNATUREFD]+REF[CRNATUREFD],D68,=+'CR Nature FD'!C41+'CR Nature FD'!C50,,,,TO_REVIEW
RULE_0275,Traitement,LOCAL_REFERENCE,12,"=HLOOKUP(LOCAL_CELL,LOCAL_RANGE,2,FALSE)",B121,"=+HLOOKUP($B$119,$B$112:$M$116,2,FALSE)",,,,TO_REVIEW
RULE_0276,Traitement,LOCAL_REFERENCE,12,"=HLOOKUP(LOCAL_CELL,LOCAL_RANGE,3,FALSE)",B122,"=+HLOOKUP(B119,$B$112:$M$116,3,FALSE)",,,,TO_REVIEW
RULE_0277,Traitement,LOCAL_REFERENCE,12,"=HLOOKUP(LOCAL_CELL,LOCAL_RANGE,4,FALSE)",B123,"=+HLOOKUP(B119,$B$112:$M$116,4,FALSE)",,,,TO_REVIEW
RULE_0278,Traitement,LOCAL_REFERENCE,12,"=HLOOKUP(LOCAL_CELL,LOCAL_RANGE,5,FALSE)",B124,"=+HLOOKUP(B119,$B$112:$M$116,5,FALSE)",,,,TO_REVIEW
RULE_0279,Besoins en micas,PRODUCTION_DEPENDENCY,12,=REF[PRODUCTION]*100/80,C5,=+Production!D11*100/80,,,,TO_REVIEW
RULE_0280,Besoins en micas,MULTIPLICATION,12,=LOCAL_CELL*(1-LOCAL_CELL),K14,=+K3*(1-$C$8),,,,TO_REVIEW
RULE_0281,Besoins en micas,ARITHMETIC,12,"=IFERROR((-LOCAL_CELL+LOCAL_CELL),"""")",D28,"=IFERROR((-C27+D27),"""")",,,,TO_REVIEW
RULE_0282,Besoins en micas,CROSS_SHEET_REFERENCE,12,=(+LOCAL_CELL)*REF[DONNÉESSOMIDA],C61,=(+C45)*'Données SOMIDA'!$G$72,,,,TO_REVIEW
RULE_0283,Besoins en micas,AGGREGATION,12,"=SUMIF(LOCAL_RANGE,LOCAL_CELL,LOCAL_RANGE)*PARAM[AUGMENTATION_GLOBALE_SALAIRE]1",C74,"=+SUMIF($B$44:$B$53,$B$74,C44:C53)*'Données SOMIDA'!$E$71",,,,TO_REVIEW
RULE_0284,Besoins en micas,AGGREGATION,12,"=SUMIF(LOCAL_RANGE,LOCAL_CELL,LOCAL_RANGE)*PARAM[AUGMENTATION_GLOBALE_SALAIRE]2",C75,"=+SUMIF($B$44:$B$54,$B$75,C44:C54)*'Données SOMIDA'!$E$72",,,,TO_REVIEW
RULE_0285,Besoins en micas,AGGREGATION,12,"=SUMIF(LOCAL_RANGE,LOCAL_CELL,LOCAL_RANGE)*PARAM[AUGMENTATION_GLOBALE_SALAIRE]4",C76,"=+SUMIF($B$44:$B$53,$B$76,C44:C53)*'Données SOMIDA'!$E$74",,,,TO_REVIEW
RULE_0286,Besoins en micas,AGGREGATION,12,"=SUMIF(LOCAL_RANGE,LOCAL_CELL,LOCAL_RANGE)*PARAM[AUGMENTATION_GLOBALE_SALAIRE]5",C77,"=+SUMIF($B$44:$B$53,$B$77,C44:C53)*'Données SOMIDA'!$E$75",,,,TO_REVIEW
RULE_0287,Besoins en micas,BROKEN_REFERENCE,12,"=IFERROR(+#REF!/#REF!,"""")",C96,"=IFERROR(+#REF!/#REF!,"" "")",,,,INVALID
RULE_0288,Feuil3,DIVISION,12,=LOCAL_CELL/12,F10,=+D10/12,,,,TO_REVIEW
RULE_0289,CA,DIVISION,12,=LOCAL_CELL/1000,D38,=+C34/1000,,,,TO_REVIEW
RULE_0290,Sal,MULTIPLICATION,12,=LOCAL_CELL*LOCAL_CELL*LOCAL_CELL/2,D18,=+$C$18*$C$10*D8/2,,,,TO_REVIEW
RULE_0291,Sal,MULTIPLICATION,12,=-LOCAL_CELL*1%,D162,=-D160*1%,,,,TO_REVIEW
RULE_0292,Sal,MULTIPLICATION,12,=-LOCAL_CELL*2000,D163,=-$C$164*2000,,,,TO_REVIEW
RULE_0293,Sal,DIVISION,12,=-LOCAL_CELL/8,D168,=-D167/8,,,,TO_REVIEW
RULE_0294,Sal,MULTIPLICATION,12,=-LOCAL_CELL*18%,D170,=-D166*18%,,,,TO_REVIEW
RULE_0295,Sal,MULTIPLICATION,12,=(+LOCAL_CELL-LOCAL_CELL)*18%+LOCAL_CELL,D186,=(+D184-D24)*18%+D25,,,,TO_REVIEW
RULE_0296,Détails Achats direct,ARITHMETIC,12,=LOCAL_CELL+LOCAL_CELL+LOCAL_CELL,D15,=+D13+D8+D14,,,,TO_REVIEW
RULE_0297,Détails Achats direct,AGGREGATION,12,=REF[SUM(PRODUCTION]:LOCAL_CELL),D22,=+SUM(Production!D9:D11),,,,TO_REVIEW
RULE_0298,Détails Achats direct,DIVISION,12,=LOCAL_CELL/50,D24,=+D22/50,,,,TO_REVIEW
RULE_0299,Détails Achats direct,PRODUCTION_DEPENDENCY,12,=((+REF[PRODUCTION]+REF[PRODUCTION]+REF[PRODUCTION]+REF[PRODUCTION]))/50,D25,=((+Production!D19+Production!D20+Production!D26+Production!D27))/50,,,,TO_REVIEW
RULE_0300,Détails Achats direct,MULTIPLICATION,12,=LOCAL_CELL*LOCAL_CELL+LOCAL_CELL*LOCAL_CELL,D26,=+D24*$D$18+D25*$D$19,,,,TO_REVIEW
RULE_0301,Détails Achats direct,MULTIPLICATION,12,=LOCAL_CELL*0.1,D32,=+D31*0.1,,,,TO_REVIEW
RULE_0302,Primes,MULTIPLICATION,12,"=ROUNDDOWN(+LOCAL_CELL*LOCAL_CELL,-2)",D35,"=ROUNDDOWN(+D29*D23,-2)",,,,TO_REVIEW
RULE_0303,Primes,MULTIPLICATION,12,=LOCAL_CELL*LOCAL_CELL+LOCAL_CELL+LOCAL_CELL,D48,=+D47*$B$48+D42+D36,,,,TO_REVIEW
RULE_0304,Achat,AGGREGATION,12,=SUM(LOCAL_RANGE)*5%,D28,=+SUM(D4:D27)*5%,,,,TO_REVIEW
RULE_0305,Achat,MULTIPLICATION,12,=LOCAL_CELL*0.2,D34,=+D31*0.2,,,,TO_REVIEW
RULE_0306,Achat,MULTIPLICATION,12,=LOCAL_CELL*0.05,D37,=+D33*0.05,,,,TO_REVIEW
RULE_0307,Achat,ARITHMETIC,12,=-LOCAL_CELL,D47,=-D45,,,,TO_REVIEW
RULE_0308,Prestation,CROSS_SHEET_REFERENCE,12,=(+REF[CA]+REF[CA])/20,D4,=(+CA!C4+CA!C9)/20,,,,TO_REVIEW
RULE_0309,Prestation,CROSS_SHEET_REFERENCE,12,=(+REF[CA]+REF[CA])/17.8,D5,=(+CA!C5+CA!C10)/17.8,,,,TO_REVIEW
RULE_0310,Prestation,CROSS_SHEET_REFERENCE,12,=(+REF[CA]+REF[CA])/25.2,D6,=(+CA!C7+CA!C12)/25.2,,,,TO_REVIEW
RULE_0311,Prestation,CROSS_SHEET_REFERENCE,12,=REF[CA]/20,D7,=+CA!C14/20,,,,TO_REVIEW
RULE_0312,Prestation,CROSS_SHEET_REFERENCE,12,=(+REF[CA]+REF[CA])/28,D10,=(+CA!C6+CA!C11)/28,,,,TO_REVIEW
RULE_0313,Prestation,ORDER_DEPENDENCY,12,=REF[COMMANDES]+REF[COMMANDES]+REF[COMMANDES],D19,=+Commandes!C14+Commandes!C21+Commandes!C25,,,,TO_REVIEW
RULE_0314,Prestation,CROSS_SHEET_REFERENCE,12,=REF[CA]*LOCAL_CELL,D23,=+CA!C15*$C$15,,,,TO_REVIEW
RULE_0315,Prestation,PRODUCTION_DEPENDENCY,12,=REF[(PRODUCTION]+REF[PRODUCTION])*LOCAL_CELL,D35,=+(Production!D9+Production!D10)*$C$32,,,,TO_REVIEW
RULE_0316,Prestation,MULTIPLICATION,12,=LOCAL_CELL*LOCAL_CELL*28*1000,D36,=+$C$33*D7*28*1000,,,,TO_REVIEW
RULE_0317,Prestation,CROSS_SHEET_REFERENCE,12,=(+REF[CA]+REF[CA])*1000*LOCAL_CELL,D39,=(+CA!C6+CA!C11)*1000*$C$34,,,,TO_REVIEW
RULE_0318,Prestation,CROSS_SHEET_REFERENCE,12,=REF[BESOINSENMICAS],D57,=+'Besoins en micas'!C78,,,,TO_REVIEW
RULE_0319,Prestation,MULTIPLICATION,12,=(+LOCAL_CELL)*4,D61,=(+D63)*4,,,,TO_REVIEW
RULE_0320,Prestation,AGGREGATION,12,=SUM(LOCAL_RANGE)*5%,D70,=SUM(D42:D69)*5%,,,,TO_REVIEW
RULE_0321,Prestation,MULTIPLICATION,12,=LOCAL_CELL*0.2,D78,=+D75*0.2,,,,TO_REVIEW
RULE_0322,Prestation,MULTIPLICATION,12,=LOCAL_CELL*0.05,D81,=+D76*0.05,,,,TO_REVIEW
RULE_0323,Prestation,ARITHMETIC,12,=-LOCAL_CELL,D125,=-D124,,,,TO_REVIEW
RULE_0324,I&T,ORDER_DEPENDENCY,12,=REF[(COMMANDES]+REF[COMMANDES]+REF[COMMANDES])*REF[OKBTRAABR],D3,=+(Commandes!C14+Commandes!C21+Commandes!C25)*' OKB TRA ABR'!$B$22,,,,TO_REVIEW
RULE_0325,I&T,CROSS_SHEET_REFERENCE,12,=REF[CA],D5,=+CA!C50,,,,TO_REVIEW
RULE_0326,I&T,PURCHASE_DEPENDENCY,12,=REF[ACHAT]+REF[PRESTATION],D11,=+Achat!D37+Prestation!D81,,,,TO_REVIEW
RULE_0327,I&T,AGGREGATION,12,"=SUMIF(LOCAL_RANGE,""F"",LOCAL_RANGE)",D15,"=SUMIF($Q$3:$Q$10,""F"",D3:D10)",,,,TO_REVIEW
RULE_0328,I&T,AGGREGATION,12,"=SUMIF(LOCAL_RANGE,""V"",LOCAL_RANGE)",D16,"=SUMIF($Q$3:$Q$10,""V"",D3:D10)",,,,TO_REVIEW
RULE_0329,Frais financier,CROSS_SHEET_REFERENCE,12,=REF[DÉTAILSFFFD],C3,=+'Détails FF FD'!C3,,,,TO_REVIEW
RULE_0330,CR Nature FD,PRODUCTION_DEPENDENCY,12,"=IFERROR(+REF[PRODUCTION],"""")",C9,"=IFERROR(+Production!D65,"""")",,,,TO_REVIEW
RULE_0331,CR Nature FD,SALARY_DEPENDENCY,12,=REF[SAL],C15,=+Sal!D174,,,,TO_REVIEW
RULE_0332,CR Nature FD,ARITHMETIC,12,=LOCAL_CELL-LOCAL_CELL-LOCAL_CELL,C17,=C14-C15-C16,,,,TO_REVIEW
RULE_0333,CR Nature FD,ARITHMETIC,12,=LOCAL_CELL+LOCAL_CELL-LOCAL_CELL-LOCAL_CELL+LOCAL_CELL,C23,=C17+C18-C19-C20+C22,,,,TO_REVIEW
RULE_0334,CR Nature FD,ARITHMETIC,12,=LOCAL_CELL+LOCAL_CELL+LOCAL_CELL+LOCAL_CELL,C30,=C10+C18+C22+C24,,,,TO_REVIEW
RULE_0335,CR Nature FD,ARITHMETIC,12,=LOCAL_CELL+LOCAL_CELL+LOCAL_CELL+LOCAL_CELL+LOCAL_CELL+LOCAL_CELL+LOCAL_CELL+LOCAL_CELL,C31,=C13+C15+C16+C19+C20+C25+C28+C29,,,,TO_REVIEW
RULE_0336,CR Nature FD,ORDER_DEPENDENCY,12,=REF[COMMANDES],C72,=+Commandes!C2,,,,TO_REVIEW
RULE_0337,Etat_Trésorerie FD,CROSS_SHEET_REFERENCE,12,=-(+REF[AN]+REF[AN])*REF[0.6-(AN]+REF[AN]),D18,=-(+AN!D67+AN!D68)*0.6-(AN!D81+AN!D82),,,,TO_REVIEW
RULE_0338,Etat_Trésorerie FD,CROSS_SHEET_REFERENCE,12,=-(+REF[AN]+REF[AN])*0.4,D19,=-(+AN!D67+AN!D68)*0.4,,,,TO_REVIEW
RULE_0339,Etat_Trésorerie FD,CROSS_SHEET_REFERENCE,12,=-+REF[AN],D40,=-+AN!D148,,,,TO_REVIEW
RULE_0340,Etat_Trésorerie FD,CROSS_SHEET_REFERENCE,12,=-REF[DÉTAILSFFFD]/1000,D49,=-'Détails FF FD'!C3/1000,,,,TO_REVIEW
RULE_0341,Etat_Trésorerie FD,CROSS_SHEET_REFERENCE,12,=REF[-AN]+REF[AN],D64,=-AN!D115+AN!D185,,,,TO_REVIEW
RULE_0342,Etat_Trésorerie FD,AGGREGATION,12,=LOCAL_CELL+LOCAL_CELL+LOCAL_CELL+LOCAL_CELL+LOCAL_CELL-SUM(LOCAL_RANGE),D79,=D71+D17+D41+D48+D59-SUM(D74:D77),,,,TO_REVIEW
RULE_0343,Etat_Trésorerie FD,AGGREGATION,12,"=LOCAL_CELL+SUM(LOCAL_RANGE)+SUM(LOCAL_CELL,LOCAL_CELL,LOCAL_CELL,LOCAL_CELL)",D80,"=D72+SUM(D74:D77)+SUM(D67,D44,D37,D53)",,,,TO_REVIEW
RULE_0344,AN,CROSS_SHEET_REFERENCE,12,=REF[-ACHAT]/1000,D66,=-Achat!D35/1000,,,,TO_REVIEW
RULE_0345,AN,CROSS_SHEET_REFERENCE,12,=REF[-PRESTATION]/1000,D80,=-Prestation!D79/1000,,,,TO_REVIEW
RULE_0346,AN,SALARY_DEPENDENCY,12,=REF[(SAL]+REF[SAL])/1000,D95,=(Sal!D178+Sal!D179)/1000,,,,TO_REVIEW
RULE_0347,AN,CROSS_SHEET_REFERENCE,12,=REF[-CA]/1000,D120,=-CA!C33/1000,,,,TO_REVIEW
RULE_0348,AN,CROSS_SHEET_REFERENCE,12,=REF[-AUTRES]/1000,D154,=-Autres!C5/1000,,,,TO_REVIEW
RULE_0349,AN,ARITHMETIC,12,=LOCAL_CELL+LOCAL_CELL+LOCAL_CELL+LOCAL_CELL+LOCAL_CELL+LOCAL_CELL+LOCAL_CELL+LOCAL_CELL+LOCAL_CELL+LOCAL_CELL+LOCAL_CELL+LOCAL_CELL+LOCAL_CELL+LOCAL_CELL+LOCAL_CELL+LOCAL_CELL+LOCAL_CELL+LOCAL_CELL+LOCAL_CELL+LOCAL_CELL+LOCAL_CELL+LOCAL_CELL+LOCAL_CELL+LOCAL_CELL+LOCAL_CELL+LOCAL_CELL+LOCAL_CELL+LOCAL_CELL+LOCAL_CELL+LOCAL_CELL+LOCAL_CELL+LOCAL_CELL+LOCAL_CELL+LOCAL_CELL+LOCAL_CELL+LOCAL_CELL+LOCAL_CELL+LOCAL_CELL+LOCAL_CELL+LOCAL_CELL,D158,=+D155+D154+D149+D148+D147+D142+D141+D140+D135+D134+D133+D132+D131+D130+D129+D128+D126+D115+D114+D113+D108+D107+D102+D101+D96+D95+D90+D89+D85+D82+D81+D80+D75+D74+D73+D68+D67+D66+D120+D121,,,,TO_REVIEW
RULE_0350,AN,PRODUCTION_DEPENDENCY,12,=REF[PRODUCTION]*REF[PRODUCTION]/1000,D163,=+Production!D54*Production!$P$71/1000,,,,TO_REVIEW
RULE_0351,AN,PRODUCTION_DEPENDENCY,12,=REF[-PRODUCTION]*REF[PRODUCTION]/1000,D164,=-Production!D58*Production!$P$71/1000,,,,TO_REVIEW
RULE_0352,AN,CROSS_SHEET_REFERENCE,12,=-REF[BESOINSENMICAS]*REF[BESOINSENMICAS]/1000,D167,=-'Besoins en micas'!C17*'Besoins en micas'!$O$91/1000,,,,TO_REVIEW
RULE_0353,AN,CROSS_SHEET_REFERENCE,12,=REF[BESOINSENMICAS]*REF[BESOINSENMICAS]/1000,D168,=+'Besoins en micas'!C21*'Besoins en micas'!$O$91/1000,,,,TO_REVIEW
RULE_0354,AN,PURCHASE_DEPENDENCY,12,=REF[ACHAT]/1000+REF[PRESTATION]/1000,D191,=Achat!D34/1000+Prestation!D78/1000,,,,TO_REVIEW
RULE_0355,AN,ARITHMETIC,12,=LOCAL_CELL+LOCAL_CELL+LOCAL_CELL+LOCAL_CELL+LOCAL_CELL+LOCAL_CELL+LOCAL_CELL+LOCAL_CELL+LOCAL_CELL+LOCAL_CELL+LOCAL_CELL+LOCAL_CELL+LOCAL_CELL+LOCAL_CELL+LOCAL_CELL+LOCAL_CELL+LOCAL_CELL+LOCAL_CELL,D215,=+D212+D211+D207+D204+D203+D198+D197+D192+D191+D186+D185+D180+D179+D174+D164+D163+D167+D168,,,,TO_REVIEW
RULE_0356,AN,CROSS_SHEET_REFERENCE,12,=-REF[DÉTAILSFFFD]/1000,D223,=-'Détails FF FD'!C3/1000,,,,TO_REVIEW
RULE_0357,AN,ARITHMETIC,12,=-LOCAL_CELL-LOCAL_CELL-LOCAL_CELL-LOCAL_CELL-LOCAL_CELL-LOCAL_CELL,D227,=-D58-D180-D198-D212-D204-D148,,,,TO_REVIEW
RULE_0358,AN,ARITHMETIC,12,=-(+LOCAL_CELL+LOCAL_CELL+LOCAL_CELL+LOCAL_CELL+LOCAL_CELL+LOCAL_CELL+LOCAL_CELL+LOCAL_CELL+LOCAL_CELL+LOCAL_CELL+LOCAL_CELL+LOCAL_CELL+LOCAL_CELL+LOCAL_CELL+LOCAL_CELL)+LOCAL_CELL-LOCAL_CELL-LOCAL_CELL,D228,=-(+D67+D68+D74+D75+D81+D82+D90+D96+D102+D108+D115+D135+D142+D149+D155)+D223-D61-D60,,,,TO_REVIEW
RULE_0359,AN,ARITHMETIC,12,=(+LOCAL_CELL-LOCAL_CELL),D261,=(+C261-D12),,,,TO_REVIEW
RULE_0360,Emprunts FD,LOCAL_REFERENCE,12,=LOCAL_CELL,E3,=+B8,,,,TO_REVIEW
RULE_0361,Détails FF FD,ARITHMETIC,12,=LOCAL_CELL+LOCAL_CELL,C19,=+C12+C5,,,,TO_REVIEW
RULE_0362,FORT DAUPHIN,LOCAL_REFERENCE,11,=LOCAL_CELL,E139,=+E5,,,,TO_REVIEW
RULE_0363,Stat,AGGREGATION,11,=SUM(LOCAL_RANGE),Y16,=SUM(Y4:Y15),,,,TO_REVIEW
RULE_0364,Commandes,CROSS_SHEET_REFERENCE,11,=REF[DONNÉESSOMIDA],B9,=+'Données SOMIDA'!C31,,,,TO_REVIEW
RULE_0365,Feuil3,ARITHMETIC,11,=LOCAL_CELL+LOCAL_CELL+LOCAL_CELL+LOCAL_CELL+LOCAL_CELL,C57,=+C54+C27+C20+C12+C33,,,,TO_REVIEW
RULE_0366,Détails Achats direct,MULTIPLICATION,11,=430000*3,D31,=430000*3,,,,TO_REVIEW
RULE_0367,Données SOMIDA,DIVISION,10,=(LOCAL_CELL+LOCAL_CELL)/LOCAL_CELL,D109,=+(D89+D90)/$D$58,,,,TO_REVIEW
RULE_0368,Org,MULTIPLICATION,10,=LOCAL_CELL*25,AA100,=+N100*25,,,,TO_REVIEW
RULE_0369,OKB FP1,LOCAL_REFERENCE,10,=LOCAL_CELL,B7,=$B$3,,,,TO_REVIEW
RULE_0370,AMPANDRANDAVA,OTHER,10,"=""GARDIEN""",D22,"=""GARDIEN""",,,,TO_REVIEW
RULE_0371,AN,CROSS_SHEET_REFERENCE,10,=-REF[INVESTFD]/1000,D73,=-'Invest FD'!C10/1000,,,,TO_REVIEW
RULE_0372,FORT DAUPHIN,OTHER,9,"=""""",A138,"=""""",,,,TO_REVIEW
RULE_0373,Feuil1,DIVISION,9,=LOCAL_CELL/1.2,D4,=+C4/1.2,,,,TO_REVIEW
RULE_0374,Feuil1,MULTIPLICATION,9,=LOCAL_CELL*0.2,E4,=+D4*0.2,,,,TO_REVIEW
RULE_0375,Feuil1,ARITHMETIC,9,=LOCAL_CELL+LOCAL_CELL,F4,=+D4+E4,,,,TO_REVIEW
RULE_0376,Feuil1,LOCAL_REFERENCE,9,=LOCAL_CELL,H4,=+D4,,,,TO_REVIEW
RULE_0377,Feuil1,ARITHMETIC,9,=LOCAL_CELL-LOCAL_CELL,I4,=+K4-J4,,,,TO_REVIEW
RULE_0378,Feuil1,MULTIPLICATION,9,"=ROUNDUP(+LOCAL_CELL*LOCAL_CELL,0)",J4,"=ROUNDUP(+E4*G4,0)",,,,TO_REVIEW
RULE_0379,Feuil1,ARITHMETIC,9,=LOCAL_CELL+LOCAL_CELL-LOCAL_CELL,L4,=+I4+J4-K4,,,,TO_REVIEW
RULE_0380,AN,CROSS_SHEET_REFERENCE,9,=REF[I&T],B126,=+'I&T'!B3,,,,TO_REVIEW
RULE_0381,Goodeis,ARITHMETIC,8,=LOCAL_CELL+LOCAL_CELL,L51,=E23+L40,,,,TO_REVIEW
RULE_0382,AMPANDRANDAVA,OTHER,8,"=""AGENTDESECURITE""",D3,"=""AGENT DE SECURITE""",,,,TO_REVIEW
RULE_0383,Primes,SALARY_DEPENDENCY,8,=REF[SAL],B59,=+Sal!A47,,,,TO_REVIEW
RULE_0384,Données SOMIDA,ARITHMETIC,7,=LOCAL_CELL+LOCAL_CELL,N71,=+E71+G71,,,,TO_REVIEW
RULE_0385,Stat,ARITHMETIC,7,=LOCAL_CELL-LOCAL_CELL,F113,=+F112-Q40,,,,TO_REVIEW
RULE_0386, OKB TRA ABR,LOCAL_REFERENCE,7,=LOCAL_CELL,B21,=$B$9,,,,TO_REVIEW
RULE_0387,Goodeis,LOCAL_REFERENCE,7,=LOCAL_CELL,C29,=$B$6,,,,TO_REVIEW
RULE_0388,Org (2),MULTIPLICATION,7,=LOCAL_CELL*25,N217,=+N215*25,,,,TO_REVIEW
RULE_0389,Détails,MULTIPLICATION,7,=LOCAL_CELL*5,C25,=+B25*5,,,,TO_REVIEW
RULE_0390,Besoins en micas,CROSS_SHEET_REFERENCE,7,=REF[DONNÉESSOMIDA],B3,=+'Données SOMIDA'!C31,,,,TO_REVIEW
RULE_0391,Besoins en micas,DIVISION,7,=LOCAL_CELL/LOCAL_CELL,P34,=+O34/O6,,,,TO_REVIEW
RULE_0392,CA,CROSS_SHEET_REFERENCE,7,=REF[DONNÉESSOMIDA],B4,=+'Données SOMIDA'!C96,,,,TO_REVIEW
RULE_0393,Sal,ARITHMETIC,7,=-LOCAL_CELL-LOCAL_CELL,D194,=-D192-D193,,,,TO_REVIEW
RULE_0394,Primes,CROSS_SHEET_REFERENCE,7,=REF[DONNÉESSOMIDA],C8,=+'Données SOMIDA'!C62,,,,TO_REVIEW
RULE_0395,Données SOMIDA,MULTIPLICATION,6,"=IF(LOCAL_CELL=""EUR"",LOCAL_CELL,LOCAL_CELL)*LOCAL_CELL",G79,"=+IF(E79=""EUR"",$E$6,$E$5)*D79",,,,TO_REVIEW
RULE_0396,Org,MULTIPLICATION,6,=LOCAL_CELL*(1+LOCAL_CELL),L133,=+$K$133*(1+L122),,,,TO_REVIEW
RULE_0397,Org (2),MULTIPLICATION,6,=LOCAL_CELL*(1+LOCAL_CELL),L241,=+$K$241*(1+L230),,,,TO_REVIEW
RULE_0398,Traitement,AGGREGATION,6,=SUM(LOCAL_RANGE),C1,=SUM(B2:B4),,,,TO_REVIEW
RULE_0399,Feuil3,MULTIPLICATION,6,=LOCAL_CELL*0.05*0,I23,=+H23*0.05*0,,,,TO_REVIEW
RULE_0400,CA,MULTIPLICATION,6,=-LOCAL_CELL*0.9,E39,=-E38*0.9,,,,TO_REVIEW
RULE_0401,Invest FD,MULTIPLICATION,6,=LOCAL_CELL*0.1/12,C14,=+C4*0.1/12,,,,TO_REVIEW
RULE_0402,Feuil1,AGGREGATION,6,=SUM(LOCAL_RANGE),C13,=SUM(C4:C12),,,,TO_REVIEW
RULE_0403,Emprunts FD,ARITHMETIC,6,=LOCAL_CELL+LOCAL_CELL,B8,=+C8+D8,,,,TO_REVIEW
RULE_0404,Emprunts FD,MULTIPLICATION,6,=LOCAL_CELL*LOCAL_CELL,G14,=+E14*$E$8,,,,TO_REVIEW
RULE_0405,Détails FF FD,LOCAL_REFERENCE,6,<OPENPYXL.WORKSHEET.FORMULA.ARRAYFORMULAOBJECTAT0LOCAL_CELLLOCAL_CELLLOCAL_CELL>,C3,<openpyxl.worksheet.formula.ArrayFormula object at 0x0000026CDE79C450>,,,,TO_REVIEW
RULE_0406, OKB TRA ABR,AGGREGATION,5,=SUM(LOCAL_RANGE),E17,=SUM(E15:E16),,,,TO_REVIEW
RULE_0407,OKB FP1,AGGREGATION,5,=SUM(LOCAL_RANGE),E19,=SUM(E16:E18),,,,TO_REVIEW
RULE_0408,Goodeis,AGGREGATION,5,=SUM(LOCAL_RANGE),E23,=SUM(E19:E22),,,,TO_REVIEW
RULE_0409,Org (2),AGGREGATION,5,"=SUMIF(LOCAL_RANGE,LOCAL_CELL,LOCAL_RANGE)",AM23,"=+SUMIF($AU$14:$AU$20,$AU$17,AM14:AQ20)",,,,TO_REVIEW
RULE_0410,AMPANDRANDAVA,OTHER,5,"=""TEMPORAIRE""",U2,"=""TEMPORAIRE""",,,,TO_REVIEW
RULE_0411,Détails,LOCAL_REFERENCE,5,=LOCAL_CELL,G62,=+C25,,,,TO_REVIEW
RULE_0412,Production,CROSS_SHEET_REFERENCE,5,=REF[BESOINSENMICAS],B77,=+'Besoins en micas'!B113,,,,TO_REVIEW
RULE_0413,Feuil3,SALARY_DEPENDENCY,5,=REF[SAL],P70,=+Sal!P176,,,,TO_REVIEW
RULE_0414,Sal,MULTIPLICATION,5,=-LOCAL_CELL-LOCAL_CELL*0.6,F194,=-F193-F192*0.6,,,,TO_REVIEW
RULE_0415,Prestation,DIVISION,5,=LOCAL_CELL/LOCAL_CELL,Q28,=+P28/C28,,,,TO_REVIEW
RULE_0416,AN,MULTIPLICATION,5,=-LOCAL_CELL-LOCAL_CELL*0.6,F90,=-F89-F88*0.6,,,,TO_REVIEW
RULE_0417,FORT DAUPHIN,AGGREGATION,4,"=SUBTOTAL(9,LOCAL_CELL)",G198,"=SUBTOTAL(9,G197)",,,,TO_REVIEW
RULE_0418,Données SOMIDA,MULTIPLICATION,4,"=ROUND(+LOCAL_CELL*LOCAL_CELL,0)",L18,"=ROUND(+L48*G18,0)",,,,TO_REVIEW
RULE_0419,Données SOMIDA,DIVISION,4,=LOCAL_CELL/28,M18,=+K18/28,,,,TO_REVIEW
RULE_0420,Données SOMIDA,DIVISION,4,=LOCAL_CELL/25,F20,=+E20/25,,,,TO_REVIEW
RULE_0421,Données SOMIDA,DIVISION,4,=LOCAL_CELL/LOCAL_CELL,F54,=+F48/F53,,,,TO_REVIEW
RULE_0422,Org (2),MULTIPLICATION,4,=LOCAL_CELL*0.13,AQ43,=+AM43*0.13,,,,TO_REVIEW
RULE_0423,Org (2),MULTIPLICATION,4,=LOCAL_CELL*0.5,AT43,=+AM43*0.5,,,,TO_REVIEW
RULE_0424,AMPANDRANDAVA,OTHER,4,"=""TREUILLISTE""",D25,"=""TREUILLISTE""",,,,TO_REVIEW
RULE_0425,Commande à honorer,AGGREGATION,4,=SUM(LOCAL_RANGE),E17,=SUM(E3:E16),,,,TO_REVIEW
RULE_0426,Commandes,MULTIPLICATION,4,=LOCAL_CELL*1000/50,E4,=+C4*1000/50,,,,TO_REVIEW
RULE_0427,Production,DIVISION,4,=LOCAL_CELL/LOCAL_CELL,R3,=+P3/$P$6,,,,TO_REVIEW
RULE_0428,Traitement,LOCAL_REFERENCE,4,=LOCAL_CELL,A121,=+A113,,,,TO_REVIEW
RULE_0429,Besoins en micas,AGGREGATION,4,"=SUBTOTAL(9,LOCAL_RANGE)",F140,"=+SUBTOTAL(9,F142:F249)",,,,TO_REVIEW
RULE_0430,CA,MULTIPLICATION,4,=-LOCAL_CELL*1.1,G39,=-G38*1.1,,,,TO_REVIEW
RULE_0431,CA,AGGREGATION,4,"=SUBTOTAL(9,LOCAL_RANGE)",G57,"=+SUBTOTAL(9,G59:G166)",,,,TO_REVIEW
RULE_0432,CA,DIVISION,4,"=IFERROR(+LOCAL_CELL/LOCAL_CELL,"""")",H167,"=IFERROR(+I167/G167,"""")",,,,TO_REVIEW
RULE_0433,Primes,MULTIPLICATION,4,=2.5*25,D16,=2.5*25,,,,TO_REVIEW
RULE_0434,Prestation,PRODUCTION_DEPENDENCY,4,=REF[PRODUCTION],B4,=+Production!B26,,,,TO_REVIEW
RULE_0435,Prestation,DIVISION,4,=LOCAL_CELL/4500,S30,=+S29/4500,,,,TO_REVIEW
RULE_0436,Amort,CROSS_SHEET_REFERENCE,4,"=""DOT.AMORT""&""""&REF[INVESTFD]",B5,"=""DOT.AMORT""& "" ""&  'Invest FD'!B4",,,,TO_REVIEW
RULE_0437,Données SOMIDA,ARITHMETIC,3,=LOCAL_CELL-LOCAL_CELL,F19,=+F48-F18,,,,TO_REVIEW
RULE_0438,Org,MULTIPLICATION,3,=LOCAL_CELL*0.13,BA31,=+AW31*0.13,,,,TO_REVIEW
RULE_0439,Org,MULTIPLICATION,3,=LOCAL_CELL*0.5,BD31,=+AW31*0.5,,,,TO_REVIEW
RULE_0440,Org,AGGREGATION,3,"=SUMIF(LOCAL_RANGE,LOCAL_CELL,LOCAL_RANGE)",F81,"=+SUMIF(W63:W78,W66,F63:I78)",,,,TO_REVIEW
RULE_0441,Recap coupeuses FD,MULTIPLICATION,3,=LOCAL_CELL*2000,N8,=B8*2000,,,,TO_REVIEW
RULE_0442,Recap coupeuses FD,ARITHMETIC,3,=LOCAL_CELL-LOCAL_CELL,O8,=M8-N8,,,,TO_REVIEW
RULE_0443,AMPANDRANDAVA,OTHER,3,"=""HC""",F7,"=""HC""",,,,TO_REVIEW
RULE_0444,AMPANDRANDAVA,OTHER,3,"=""OLIVIER""",C8,"=""Olivier""",,,,TO_REVIEW
RULE_0445,AMPANDRANDAVA,OTHER,3,"=""CHEFDEPOSTE""",D10,"=""CHEF DE POSTE""",,,,TO_REVIEW
RULE_0446,AMPANDRANDAVA,OTHER,3,"=""MAKA""",B12,"=""MAKA""",,,,TO_REVIEW
RULE_0447,AMPANDRANDAVA,LOCAL_REFERENCE,3,"=""OUVRIERLOCAL_CELL""",D47,"=""Ouvrier IRF1""",,,,TO_REVIEW
RULE_0448,AMPANDRANDAVA,OTHER,3,"=""OUVRIERBENNE""",D49,"=""Ouvrier Benne""",,,,TO_REVIEW
RULE_0449,Recap coupeuses Ampandra,DIVISION,3,=LOCAL_CELL/LOCAL_CELL,N6,=+J6/A6,,,,TO_REVIEW
RULE_0450,Détails,MULTIPLICATION,3,=LOCAL_CELL*6,F62,=+E62*6,,,,TO_REVIEW
RULE_0451,Détails,MULTIPLICATION,3,=LOCAL_CELL*0.25,C97,=+B97*0.25,,,,TO_REVIEW
RULE_0452,Production,DIVISION,3,=LOCAL_CELL/(LOCAL_CELL+LOCAL_CELL),R23,=+P23/(P23+P30),,,,TO_REVIEW
RULE_0453,Production,MULTIPLICATION,3,=LOCAL_CELL*25,D39,=+C39*25,,,,TO_REVIEW
RULE_0454,Besoins en micas,LOCAL_REFERENCE,3,<OPENPYXL.WORKSHEET.FORMULA.ARRAYFORMULAOBJECTAT0LOCAL_CELLLOCAL_CELLLOCAL_CELL>,F166,<openpyxl.worksheet.formula.ArrayFormula object at 0x0000026CDD970AD0>,,,,TO_REVIEW
RULE_0455,CA,OTHER,3,=AVERAGE(LOCAL_RANGE),Q53,=AVERAGE(C53:N53),,,,TO_REVIEW
RULE_0456,Primes,ARITHMETIC,3,=LOCAL_CELL+LOCAL_CELL,I20,=+H20+G20,,,,TO_REVIEW
RULE_0457,Emprunts FD,AGGREGATION,3,=SUM(LOCAL_RANGE),F110,=+SUM(F14:F109),,,,TO_REVIEW
RULE_0458,FORT DAUPHIN,ARITHMETIC,2,=LOCAL_CELL+LOCAL_CELL,C247,=+C246+L246,,,,TO_REVIEW
RULE_0459,FORT DAUPHIN,DIVISION,2,=LOCAL_CELL/2,G247,=+G246/2,,,,TO_REVIEW
RULE_0460,Données SOMIDA,MULTIPLICATION,2,"=ROUND(+LOCAL_CELL*LOCAL_CELL,1)",F18,"=ROUND(+G18*F48,1)",,,,TO_REVIEW
RULE_0461,Données SOMIDA,CROSS_SHEET_REFERENCE,2,=REF[DÉTAILSACHATSDIRECT],C41,=+'Détails Achats direct'!C18,,,,TO_REVIEW
RULE_0462,Données SOMIDA,PRODUCTION_DEPENDENCY,2,=REF[PRODUCTION],G49,=+Production!R23,,,,TO_REVIEW
RULE_0463,Données SOMIDA,ORDER_DEPENDENCY,2,=REF[COMMANDES],C79,=+Commandes!B28,,,,TO_REVIEW
RULE_0464,Org,MULTIPLICATION,2,=1*0,M69,=1*0,,,,TO_REVIEW
RULE_0465, OKB TRA ABR,ARITHMETIC,2,=LOCAL_CELL+LOCAL_CELL,E44,=E17+E31,,,,TO_REVIEW
RULE_0466,OKB FP1,DIVISION,2,=LOCAL_CELL/1.2,B46,=+B37/1.2,,,,TO_REVIEW
RULE_0467,OKB FP1,ARITHMETIC,2,=LOCAL_CELL+LOCAL_CELL,E46,=E19+E33,,,,TO_REVIEW
RULE_0468,Goodeis,ARITHMETIC,2,=LOCAL_CELL-LOCAL_CELL,D7,=B7-C7,,,,TO_REVIEW
RULE_0469,Goodeis,MULTIPLICATION,2,=LOCAL_CELL*1000,C19,=$B$2*1000,,,,TO_REVIEW
RULE_0470,Goodeis,DIVISION,2,=LOCAL_CELL/3,E57,=E50/3,,,,TO_REVIEW
RULE_0471,Recap coupeuses FD,CROSS_SHEET_REFERENCE,2,=REF[RECAPCOUPEUSESFD],M9,='Recap coupeuses FD'!D9,,,,TO_REVIEW
RULE_0472,AMPANDRANDAVA,OTHER,2,"=""MOSA""",C2,"=""Mosa""",,,,TO_REVIEW
RULE_0473,AMPANDRANDAVA,OTHER,2,"=""TEMPCENTRALE""",D2,"=""TEMP CENTRALE""",,,,TO_REVIEW
RULE_0474,AMPANDRANDAVA,OTHER,2,"=""4A""",F3,"=""4A""",,,,TO_REVIEW
RULE_0475,AMPANDRANDAVA,OTHER,2,"=""3A""",F10,"=""3A""",,,,TO_REVIEW
RULE_0476,AMPANDRANDAVA,OTHER,2,"=""VIREMENT""",W10,"=""Virement""",,,,TO_REVIEW
RULE_0477,AMPANDRANDAVA,OTHER,2,"=""LAHA""",B11,"=""LAHA""",,,,TO_REVIEW
RULE_0478,AMPANDRANDAVA,OTHER,2,"=""GILBERT""",C12,"=""Gilbert""",,,,TO_REVIEW
RULE_0479,AMPANDRANDAVA,OTHER,2,"=""AIDEMECANICIEN""",D12,"=""AIDE MECANICIEN""",,,,TO_REVIEW
RULE_0480,AMPANDRANDAVA,LOCAL_REFERENCE,2,"=""LOCAL_CELLA""",F15,"=""OP2A""",,,,TO_REVIEW
RULE_0481,AMPANDRANDAVA,OTHER,2,"=""MANOLOSOA""",B19,"=""MANOLOSOA""",,,,TO_REVIEW
RULE_0482,AMPANDRANDAVA,OTHER,2,"=""MACHINISTE""",D19,"=""MACHINISTE""",,,,TO_REVIEW
RULE_0483,AMPANDRANDAVA,OTHER,2,"=""AIDEMACHINISTE""",D20,"=""AIDE MACHINISTE""",,,,TO_REVIEW
RULE_0484,AMPANDRANDAVA,OTHER,2,"=""MONJA""",B40,"=""MONJA""",,,,TO_REVIEW
RULE_0485,Commande à honorer,AGGREGATION,2,"=SUMIF(LOCAL_RANGE,""TRA"",LOCAL_RANGE)",E19,"=SUMIF(D3:D16,""TRA"",E3:E16)",,,,TO_REVIEW
RULE_0486,Commande à honorer,AGGREGATION,2,"=SUMIF(LOCAL_RANGE,""ABR"",LOCAL_RANGE)",E20,"=SUMIF(D3:D16,""ABR"",E3:E16)",,,,TO_REVIEW
RULE_0487,Commande à honorer,AGGREGATION,2,"=SUMIF(LOCAL_RANGE,""LOCAL_CELL"",LOCAL_RANGE)",E21,"=SUMIF(D3:D16,""FP1"",E3:E16)",,,,TO_REVIEW
RULE_0488,Commande à honorer,AGGREGATION,2,"=SUMIF(LOCAL_RANGE,""SFP"",LOCAL_RANGE)",E22,"=SUMIF(D3:D16,""S FP"",E3:E16)",,,,TO_REVIEW
RULE_0489,Détails,MULTIPLICATION,2,=LOCAL_CELL*2,J36,=+I36*2,,,,TO_REVIEW
RULE_0490,Détails,MULTIPLICATION,2,=LOCAL_CELL*0.7,D44,=+C44*0.7,,,,TO_REVIEW
RULE_0491,Détails,MULTIPLICATION,2,=LOCAL_CELL*0.45,C86,=+C85*0.45,,,,TO_REVIEW
RULE_0492,Détails,DIVISION,2,=LOCAL_CELL/12,D100,=+C100/12,,,,TO_REVIEW
RULE_0493,Production,MULTIPLICATION,2,=0.05*4000,W39,=0.05*4000,,,,TO_REVIEW
RULE_0494,Production,BROKEN_REFERENCE,2,"=IF((CA!#REF!REF[-PRODUCTION])>0,ROUNDUP((CA!#REF!REF[-PRODUCTION]),2)&""""&""BÉNÉF"",ROUNDUP((CA!#REF!REF[-PRODUCTION]),2)&""""&""PERTES"")",U42,"=+IF((CA!#REF!-Production!T42)>0,ROUNDUP((CA!#REF!-Production!T42),2)&"" ""&""Bénéf"",ROUNDUP((CA!#REF!-Production!T42),2)&"" ""&""Pertes"")",,,,INVALID
RULE_0495,Besoins en micas,LOCAL_REFERENCE,2,<OPENPYXL.WORKSHEET.FORMULA.ARRAYFORMULAOBJECTAT0LOCAL_CELLCDLOCAL_CELLLOCAL_CELL>,B142,<openpyxl.worksheet.formula.ArrayFormula object at 0x0000026CDDDC7F50>,,,,TO_REVIEW
RULE_0496,Besoins en micas,LOCAL_REFERENCE,2,<OPENPYXL.WORKSHEET.FORMULA.ARRAYFORMULAOBJECTAT0LOCAL_CELLCDLOCAL_CELL>,F142,<openpyxl.worksheet.formula.ArrayFormula object at 0x0000026CDDDC7910>,,,,TO_REVIEW
RULE_0497,Besoins en micas,ARITHMETIC,2,=LOCAL_CELL-LOCAL_CELL,F251,=+F250-O17,,,,TO_REVIEW
RULE_0498,Feuil3,ARITHMETIC,2,=LOCAL_CELL-LOCAL_CELL,P76,=+P61-P70,,,,TO_REVIEW
RULE_0499,Détails Achats direct,MULTIPLICATION,2,=LOCAL_CELL*1.2,F18,=+D18*1.2,,,,TO_REVIEW
RULE_0500,Primes,CROSS_SHEET_REFERENCE,2,"=REF[ORG]&""EQUIPE=""&LOCAL_CELL",D61,"=+Org!M62&"" Equipe = ""&F16",,,,TO_REVIEW
RULE_0501,CR Nature FD,AGGREGATION,2,"=ROUNDUP(IF((+LOCAL_CELL-SUM(LOCAL_RANGE)-SUM(LOCAL_RANGE))<0,LOCAL_CELL*5/1000+320000,(+LOCAL_CELL-SUM(LOCAL_RANGE)-SUM(LOCAL_RANGE))*0.2),-3)",N28,"=ROUNDUP(IF((+O39-SUM(O42:O46)-SUM(O51:O57))<0,O39*5/1000+320000,(+O39-SUM(O42:O46)-SUM(O51:O57))*0.2),-3)",,,,TO_REVIEW
RULE_0502,Invest FD,MULTIPLICATION,2,=LOCAL_CELL*0.25/12,C17,=+C7*0.25/12,,,,TO_REVIEW
RULE_0503,AN,ARITHMETIC,2,=LOCAL_CELL+LOCAL_CELL+LOCAL_CELL+LOCAL_CELL+LOCAL_CELL+LOCAL_CELL+LOCAL_CELL+LOCAL_CELL+LOCAL_CELL+LOCAL_CELL+LOCAL_CELL+LOCAL_CELL+LOCAL_CELL+LOCAL_CELL,C158,=+C156+C150+C143+C136+C122+C116+C109+C103+C97+C91+C85+C83+C76+C69,,,,TO_REVIEW
RULE_0504,AN,ARITHMETIC,2,=LOCAL_CELL+LOCAL_CELL+LOCAL_CELL+LOCAL_CELL+LOCAL_CELL+LOCAL_CELL+LOCAL_CELL+LOCAL_CELL+LOCAL_CELL,C215,=+C213+C207+C205+C199+C193+C187+C181+C175+C169,,,,TO_REVIEW
RULE_0505,AN,LOCAL_REFERENCE,2,"=""TOTAL""&LOCAL_CELL",B249,"=""TOTAL   ""&B234",,,,TO_REVIEW
RULE_0506,Détails FF FD,LOCAL_REFERENCE,2,<OPENPYXL.WORKSHEET.FORMULA.ARRAYFORMULAOBJECTAT0LOCAL_CELLLOCAL_CELLLOCAL_CELLLOCAL_CELL>,C5,<openpyxl.worksheet.formula.ArrayFormula object at 0x0000026CDE7D3D50>,,,,TO_REVIEW
RULE_0507,Détails FF FD,CROSS_SHEET_REFERENCE,2,=LOCAL_CELL-REF[EMPRUNTSFD],P7,=+O7-'Emprunts FD'!G110,,,,TO_REVIEW
RULE_0508,FORT DAUPHIN,DIVISION,1,=4200/30,B2,=4200/30,,,,TO_REVIEW
RULE_0509,FORT DAUPHIN,AGGREGATION,1,"=SUBTOTAL(3,LOCAL_RANGE)",D5,"=SUBTOTAL(3,D7:D135)",,,,TO_REVIEW
RULE_0510,FORT DAUPHIN,OTHER,1,"=""MATRICULE""",A6,"=""Matricule""",,,,TO_REVIEW
RULE_0511,FORT DAUPHIN,OTHER,1,"=""NOM""",B6,"=""NOM""",,,,TO_REVIEW
RULE_0512,FORT DAUPHIN,OTHER,1,"=""PRENOMS""",C6,"=""PRENOMS""",,,,TO_REVIEW
RULE_0513,FORT DAUPHIN,OTHER,1,"=""FONCTION""",D6,"=""FONCTION""",,,,TO_REVIEW
RULE_0514,FORT DAUPHIN,OTHER,1,"=""ENTREE""",E6,"=""entree""",,,,TO_REVIEW
RULE_0515,FORT DAUPHIN,OTHER,1,"=""CAT""",F6,"=""CAT""",,,,TO_REVIEW
RULE_0516,FORT DAUPHIN,OTHER,1,"=""BASE""",G6,"=""Base""",,,,TO_REVIEW
RULE_0517,FORT DAUPHIN,OTHER,1,"=""ALLOCATIONDECONGES""",H6,"=""ALLOCATION DE CONGES""",,,,TO_REVIEW
RULE_0518,FORT DAUPHIN,OTHER,1,"=""HEURESSUPP""",I6,"=""HEURES SUPP""",,,,TO_REVIEW
RULE_0519,FORT DAUPHIN,OTHER,1,"=""NBRES""",J6,"=""NBRES""",,,,TO_REVIEW
RULE_0520,FORT DAUPHIN,OTHER,1,"=""ABSENCE""",K6,"=""ABSENCE""",,,,TO_REVIEW
RULE_0521,FORT DAUPHIN,OTHER,1,"=""PREAVIS(RETENUE)""",L6,"=""PREAVIS (retenue)""",,,,TO_REVIEW
RULE_0522,FORT DAUPHIN,OTHER,1,"=""INDEMNITE""",M6,"=""INDEMNITE""",,,,TO_REVIEW
RULE_0523,FORT DAUPHIN,OTHER,1,"=""BRUT""",N6,"=""BRUT""",,,,TO_REVIEW
RULE_0524,FORT DAUPHIN,OTHER,1,"=""IRSA""",O6,"=""IRSA""",,,,TO_REVIEW
RULE_0525,FORT DAUPHIN,OTHER,1,"=""RETCNAPS""",P6,"=""RET CNAPS""",,,,TO_REVIEW
RULE_0526,FORT DAUPHIN,OTHER,1,"=""RETOSTIE""",Q6,"=""RET OSTIE""",,,,TO_REVIEW
RULE_0527,FORT DAUPHIN,OTHER,1,"=""AVANCES""",R6,"=""AVANCES""",,,,TO_REVIEW
RULE_0528,FORT DAUPHIN,OTHER,1,"=""ANCARR""",S6,"=""ANC ARR""",,,,TO_REVIEW
RULE_0529,FORT DAUPHIN,OTHER,1,"=""NOUVARR""",T6,"=""NOUV ARR""",,,,TO_REVIEW
RULE_0530,FORT DAUPHIN,OTHER,1,"=""NETAPAYER""",U6,"=""NET A PAYER""",,,,TO_REVIEW
RULE_0531,FORT DAUPHIN,OTHER,1,"=""UNITE""",V6,"=""UNITE""",,,,TO_REVIEW
RULE_0532,FORT DAUPHIN,OTHER,1,"=""SERVICE""",W6,"=""SERVICE""",,,,TO_REVIEW
RULE_0533,FORT DAUPHIN,OTHER,1,"=""INTITULÉÉTABLISSEMENT""",X6,"=""Intitulé établissement""",,,,TO_REVIEW
RULE_0534,FORT DAUPHIN,OTHER,1,"=""MODEDEPAIEMENT""",Y6,"=""MODE DE PAIEMENT""",,,,TO_REVIEW
RULE_0535,FORT DAUPHIN,OTHER,1,=COUNTA(LOCAL_RANGE),I247,=COUNTA(I218:I244),,,,TO_REVIEW
RULE_0536,FORT DAUPHIN,CROSS_SHEET_REFERENCE,1,=REF[RECAPCOUPEUSESFD],C248,=+'Recap coupeuses FD'!M11,,,,TO_REVIEW
RULE_0537,Données SOMIDA,MULTIPLICATION,1,"=ROUND(LOCAL_CELL*LOCAL_CELL,1)",L20,"=+ROUND(L60*D59,1)",,,,TO_REVIEW
RULE_0538,Données SOMIDA,DIVISION,1,"=ROUND(+LOCAL_CELL/LOCAL_CELL,1)",L60,"=ROUND(+L48/$D$58,1)",,,,TO_REVIEW
RULE_0539,Données SOMIDA,ARITHMETIC,1,=100%-LOCAL_CELL-LOCAL_CELL-LOCAL_CELL,D65,=100%-D62-D63-D64,,,,TO_REVIEW
RULE_0540,Données SOMIDA,ARITHMETIC,1,=LOCAL_CELL-LOCAL_CELL-LOCAL_CELL-LOCAL_CELL,L65,=+L60-L62-L63-L64,,,,TO_REVIEW
RULE_0541,Données SOMIDA,MULTIPLICATION,1,=12*28,K77,=12*28,,,,TO_REVIEW
RULE_0542,Données SOMIDA,MULTIPLICATION,1,=10*25,K78,=10*25,,,,TO_REVIEW
RULE_0543,Données SOMIDA,MULTIPLICATION,1,=LOCAL_CELL*0.1,L85,=+L67*0.1,,,,TO_REVIEW
RULE_0544,Données SOMIDA,MULTIPLICATION,1,=4*28,J114,=4*28,,,,TO_REVIEW
RULE_0545,Stat,LOCAL_REFERENCE,1,<OPENPYXL.WORKSHEET.FORMULA.ARRAYFORMULAOBJECTAT0LOCAL_CELLLOCAL_CELLLOCAL_CELLLOCAL_CELL>,Y4,<openpyxl.worksheet.formula.ArrayFormula object at 0x0000026CDD5AF9D0>,,,,TO_REVIEW
RULE_0546,Stat,LOCAL_REFERENCE,1,<OPENPYXL.WORKSHEET.FORMULA.ARRAYFORMULAOBJECTAT0LOCAL_CELLLOCAL_CELLLOCAL_CELL>,Z4,<openpyxl.worksheet.formula.ArrayFormula object at 0x0000026CDC065BD0>,,,,TO_REVIEW
RULE_0547,Stat,LOCAL_REFERENCE,1,"=LOCAL_CELL&""""&""KG""",Y18,"=Y16&"""" &""Kg""",,,,TO_REVIEW
RULE_0548,Org,MULTIPLICATION,1,=LOCAL_CELL*2.5,K134,=+K133*2.5,,,,TO_REVIEW
RULE_0549,Org,MULTIPLICATION,1,=LOCAL_CELL*1.5,K135,=+K133*1.5,,,,TO_REVIEW
RULE_0550,Org,MULTIPLICATION,1,=LOCAL_CELL*15,K136,=+K133*15,,,,TO_REVIEW
RULE_0551,Org,MULTIPLICATION,1,=LOCAL_CELL*10,K137,=+K133*10,,,,TO_REVIEW
RULE_0552, OKB TRA ABR,MULTIPLICATION,1,=(100*LOCAL_CELL)/80,B2,=(100*B3)/80,,,,TO_REVIEW
RULE_0553, OKB TRA ABR,MULTIPLICATION,1,=(LOCAL_CELL*1000)/50,D3,=(B3*1000)/50,,,,TO_REVIEW
RULE_0554, OKB TRA ABR,DIVISION,1,=LOCAL_CELL/20,B4,=B3/20,,,,TO_REVIEW
RULE_0555, OKB TRA ABR,MULTIPLICATION,1,=LOCAL_CELL*LOCAL_CELL*LOCAL_CELL,B9,=B6*B7*B8,,,,TO_REVIEW
RULE_0556, OKB TRA ABR,MULTIPLICATION,1,=(LOCAL_CELL*1000)-45000,C15,=($B$2*1000)-45000,,,,TO_REVIEW
RULE_0557, OKB TRA ABR,MULTIPLICATION,1,=LOCAL_CELL*1000,C16,=$B$3*1000,,,,TO_REVIEW
RULE_0558, OKB TRA ABR,MULTIPLICATION,1,=70000*2,B25,=70000*2,,,,TO_REVIEW
RULE_0559, OKB TRA ABR,MULTIPLICATION,1,=LOCAL_CELL*3,C27,=$B$6*3,,,,TO_REVIEW
RULE_0560, OKB TRA ABR,MULTIPLICATION,1,=13*8,C28,=13*8,,,,TO_REVIEW
RULE_0561, OKB TRA ABR,MULTIPLICATION,1,=(LOCAL_CELL/50)+(LOCAL_CELL/50)*5%,C35,=(C16/50)+(C16/50)*5%,,,,TO_REVIEW
RULE_0562, OKB TRA ABR,ARITHMETIC,1,=LOCAL_CELL+LOCAL_CELL+LOCAL_CELL+LOCAL_CELL+LOCAL_CELL,B41,=E17+E38+E31+E39+E40,,,,TO_REVIEW
RULE_0563,OKB FP1,MULTIPLICATION,1,=(100*LOCAL_CELL)/80,B2,=(100*B3)/80,,,,TO_REVIEW
RULE_0564,OKB FP1,MULTIPLICATION,1,=(LOCAL_CELL*1000)/50,D3,=(B3*1000)/50,,,,TO_REVIEW
RULE_0565,OKB FP1,DIVISION,1,=LOCAL_CELL/20,B4,=B3/20,,,,TO_REVIEW
RULE_0566,OKB FP1,MULTIPLICATION,1,=LOCAL_CELL*LOCAL_CELL*LOCAL_CELL,B10,=B7*B8*B9,,,,TO_REVIEW
RULE_0567,OKB FP1,MULTIPLICATION,1,=(LOCAL_CELL*1000),C16,=($B$2*1000),,,,TO_REVIEW
RULE_0568,OKB FP1,MULTIPLICATION,1,=LOCAL_CELL*1000,C17,=$B$3*1000,,,,TO_REVIEW
RULE_0569,OKB FP1,MULTIPLICATION,1,=340*6,C18,=340*6,,,,TO_REVIEW
RULE_0570,OKB FP1,MULTIPLICATION,1,=70000*2,B27,=70000*2,,,,TO_REVIEW
RULE_0571,OKB FP1,MULTIPLICATION,1,=LOCAL_CELL*3,C29,=$B$7*3,,,,TO_REVIEW
RULE_0572,OKB FP1,MULTIPLICATION,1,=13*3,C30,=13*3,,,,TO_REVIEW
RULE_0573,OKB FP1,MULTIPLICATION,1,=(LOCAL_CELL/50)+(LOCAL_CELL/50)*5%,C37,=(C17/50)+(C17/50)*5%,,,,TO_REVIEW
RULE_0574,OKB FP1,ARITHMETIC,1,=LOCAL_CELL+LOCAL_CELL+LOCAL_CELL+LOCAL_CELL+LOCAL_CELL,B43,=E19+E40+E33+E41+E42,,,,TO_REVIEW
RULE_0575,Goodeis,MULTIPLICATION,1,=(100*LOCAL_CELL)/80,B2,=(100*B3)/80,,,,TO_REVIEW
RULE_0576,Goodeis,MULTIPLICATION,1,=28*3,B6,=28*3,,,,TO_REVIEW
RULE_0577,Goodeis,MULTIPLICATION,1,=70000*2,I33,=70000*2,,,,TO_REVIEW
RULE_0578,Goodeis,MULTIPLICATION,1,=LOCAL_CELL*3,J35,=B3*3,,,,TO_REVIEW
RULE_0579,Goodeis,ARITHMETIC,1,=LOCAL_CELL+LOCAL_CELL+LOCAL_CELL+LOCAL_CELL+LOCAL_CELL+LOCAL_CELL+LOCAL_CELL+LOCAL_CELL+LOCAL_CELL,I39,=L30+L31+L32+L33+L34+L35+L36+L37+L38,,,,TO_REVIEW
RULE_0580,Goodeis,MULTIPLICATION,1,=(3239*LOCAL_CELL)+120000,I45,=(3239*B11)+120000,,,,TO_REVIEW
RULE_0581,Goodeis,ARITHMETIC,1,=5500000-2100000,B52,=5500000-2100000,,,,TO_REVIEW
RULE_0582,Goodeis,MULTIPLICATION,1,=989*4250,B53,=989*4250,,,,TO_REVIEW
RULE_0583,Goodeis,DIVISION,1,=LOCAL_CELL/4500,F58,=E58/4500,,,,TO_REVIEW
RULE_0584,Org (2),MULTIPLICATION,1,=LOCAL_CELL*2.5,K242,=+K241*2.5,,,,TO_REVIEW
RULE_0585,Org (2),MULTIPLICATION,1,=LOCAL_CELL*1.5,K243,=+K241*1.5,,,,TO_REVIEW
RULE_0586,Org (2),MULTIPLICATION,1,=LOCAL_CELL*15,K244,=+K241*15,,,,TO_REVIEW
RULE_0587,Org (2),MULTIPLICATION,1,=LOCAL_CELL*10,K245,=+K241*10,,,,TO_REVIEW
RULE_0588,Organigramme,CROSS_SHEET_REFERENCE,1,=REF[FORTDAUPHIN],H7,=+'FORT DAUPHIN'!B108,,,,TO_REVIEW
RULE_0589,Organigramme,CROSS_SHEET_REFERENCE,1,"=REF[FORTDAUPHIN]&""""&REF[FORTDAUPHIN]",H19,"=+'FORT DAUPHIN'!B109&"" ""&'FORT DAUPHIN'!C109",,,,TO_REVIEW
RULE_0590,Recap coupeuses FD,OTHER,1,=TODAY(),O3,=TODAY(),,,,TO_REVIEW
RULE_0591,Recap coupeuses FD,CROSS_SHEET_REFERENCE,1,=REF[RECAPCOUPEUSESFD]+LOCAL_CELL,M8,='Recap coupeuses FD'!D8+F8,,,,TO_REVIEW
RULE_0592,AMPANDRANDAVA,OTHER,1,"=""MATRICULE""",A1,"=""Matricule""",,,,TO_REVIEW
RULE_0593,AMPANDRANDAVA,OTHER,1,"=""NOM""",B1,"=""NOM""",,,,TO_REVIEW
RULE_0594,AMPANDRANDAVA,OTHER,1,"=""PRENOMS""",C1,"=""PRENOMS""",,,,TO_REVIEW
RULE_0595,AMPANDRANDAVA,OTHER,1,"=""FONCTION""",D1,"=""FONCTION""",,,,TO_REVIEW
RULE_0596,AMPANDRANDAVA,OTHER,1,"=""ENTREE""",E1,"=""entree""",,,,TO_REVIEW
RULE_0597,AMPANDRANDAVA,OTHER,1,"=""CAT""",F1,"=""CAT""",,,,TO_REVIEW
RULE_0598,AMPANDRANDAVA,OTHER,1,"=""BASE""",G1,"=""Base""",,,,TO_REVIEW
RULE_0599,AMPANDRANDAVA,OTHER,1,"=""ALLOCATIONDECONGES""",H1,"=""ALLOCATION DE CONGES""",,,,TO_REVIEW
RULE_0600,AMPANDRANDAVA,OTHER,1,"=""HEURESSUPP""",I1,"=""HEURES SUPP""",,,,TO_REVIEW
RULE_0601,AMPANDRANDAVA,OTHER,1,"=""NBRES""",J1,"=""NBRES""",,,,TO_REVIEW
RULE_0602,AMPANDRANDAVA,OTHER,1,"=""ABSENCE""",K1,"=""ABSENCE""",,,,TO_REVIEW
RULE_0603,AMPANDRANDAVA,OTHER,1,"=""INDEMNITE""",L1,"=""INDEMNITE""",,,,TO_REVIEW
RULE_0604,AMPANDRANDAVA,OTHER,1,"=""RAPPELSURSALAIRE""",M1,"=""RAPPEL SUR SALAIRE""",,,,TO_REVIEW
RULE_0605,AMPANDRANDAVA,OTHER,1,"=""BRUT""",N1,"=""BRUT""",,,,TO_REVIEW
RULE_0606,AMPANDRANDAVA,OTHER,1,"=""IRSA""",O1,"=""IRSA""",,,,TO_REVIEW
RULE_0607,AMPANDRANDAVA,OTHER,1,"=""RETCNAPS""",P1,"=""RET CNAPS""",,,,TO_REVIEW
RULE_0608,AMPANDRANDAVA,OTHER,1,"=""PAIEMENTESP""",Q1,"=""PAIEMENT ESP""",,,,TO_REVIEW
RULE_0609,AMPANDRANDAVA,OTHER,1,"=""ANCARR""",R1,"=""ANC ARR""",,,,TO_REVIEW
RULE_0610,AMPANDRANDAVA,OTHER,1,"=""NOUVARR""",S1,"=""NOUV ARR""",,,,TO_REVIEW
RULE_0611,AMPANDRANDAVA,OTHER,1,"=""NETAPAYER""",T1,"=""NET A PAYER""",,,,TO_REVIEW
RULE_0612,AMPANDRANDAVA,OTHER,1,"=""UNITE""",U1,"=""UNITE""",,,,TO_REVIEW
RULE_0613,AMPANDRANDAVA,OTHER,1,"=""INTITULÉÉTABLISSEMENT""",V1,"=""Intitulé établissement""",,,,TO_REVIEW
RULE_0614,AMPANDRANDAVA,OTHER,1,"=""MODEDEPAIEMENT""",W1,"=""MODE DE PAIEMENT""",,,,TO_REVIEW
RULE_0615,AMPANDRANDAVA,OTHER,1,"=""0760""",A2,"="" 0760""",,,,TO_REVIEW
RULE_0616,AMPANDRANDAVA,OTHER,1,"=""REFILA""",B2,"=""REFILA""",,,,TO_REVIEW
RULE_0617,AMPANDRANDAVA,OTHER,1,"=""01096""",A3,"=""01096""",,,,TO_REVIEW
RULE_0618,AMPANDRANDAVA,OTHER,1,"=""TOLISOA""",B3,"=""TOLISOA""",,,,TO_REVIEW
RULE_0619,AMPANDRANDAVA,OTHER,1,"=""01120""",A4,"=""01120""",,,,TO_REVIEW
RULE_0620,AMPANDRANDAVA,OTHER,1,"=""JEANBAPTISTE""",B4,"=""JEAN BAPTISTE""",,,,TO_REVIEW
RULE_0621,AMPANDRANDAVA,OTHER,1,"=""MECANICIEN""",D4,"=""MECANICIEN""",,,,TO_REVIEW
RULE_0622,AMPANDRANDAVA,OTHER,1,"=""01196""",A5,"=""01196""",,,,TO_REVIEW
RULE_0623,AMPANDRANDAVA,OTHER,1,"=""BRUNO""",B5,"=""BRUNO""",,,,TO_REVIEW
RULE_0624,AMPANDRANDAVA,OTHER,1,"=""5A""",F5,"=""5A""",,,,TO_REVIEW
RULE_0625,AMPANDRANDAVA,OTHER,1,"=""01227""",A6,"=""01227""",,,,TO_REVIEW
RULE_0626,AMPANDRANDAVA,OTHER,1,"=""RAYMONDNOEL""",B6,"=""RAYMOND NOEL""",,,,TO_REVIEW
RULE_0627,AMPANDRANDAVA,OTHER,1,"=""3B""",F6,"=""3B""",,,,TO_REVIEW
RULE_0628,AMPANDRANDAVA,OTHER,1,"=""01276""",A7,"=""01276""",,,,TO_REVIEW
RULE_0629,AMPANDRANDAVA,OTHER,1,"=""ANDRIANJAKASOA""",B7,"=""ANDRIANJAKASOA""",,,,TO_REVIEW
RULE_0630,AMPANDRANDAVA,OTHER,1,"=""LALA""",C7,"=""Lala""",,,,TO_REVIEW
RULE_0631,AMPANDRANDAVA,OTHER,1,"=""CHEFD'EXPLOITATION""",D7,"=""CHEF D'EXPLOITATION""",,,,TO_REVIEW
RULE_0632,AMPANDRANDAVA,OTHER,1,"=""01319""",A8,"=""01319""",,,,TO_REVIEW
RULE_0633,AMPANDRANDAVA,OTHER,1,"=""FAHAMARO""",B8,"=""FAHAMARO""",,,,TO_REVIEW
RULE_0634,AMPANDRANDAVA,OTHER,1,"=""01322""",A9,"=""01322""",,,,TO_REVIEW
RULE_0635,AMPANDRANDAVA,OTHER,1,"=""RAZAFINDRALAMBO""",B9,"=""RAZAFINDRALAMBO""",,,,TO_REVIEW
RULE_0636,AMPANDRANDAVA,OTHER,1,"=""ODILON""",C9,"=""Odilon""",,,,TO_REVIEW
RULE_0637,AMPANDRANDAVA,OTHER,1,"=""MACON""",D9,"=""MACON""",,,,TO_REVIEW
RULE_0638,AMPANDRANDAVA,LOCAL_REFERENCE,1,"=""LOCAL_CELLB""",F9,"=""OP1B""",,,,TO_REVIEW
RULE_0639,AMPANDRANDAVA,OTHER,1,"=""01325""",A10,"=""01325""",,,,TO_REVIEW
RULE_0640,AMPANDRANDAVA,OTHER,1,"=""RAHERINIAINA""",B10,"=""RAHERINIAINA""",,,,TO_REVIEW
RULE_0641,AMPANDRANDAVA,OTHER,1,"=""ELIECHARL""",C10,"=""Elie Charl""",,,,TO_REVIEW
RULE_0642,AMPANDRANDAVA,OTHER,1,"=""01326""",A11,"=""01326""",,,,TO_REVIEW
RULE_0643,AMPANDRANDAVA,OTHER,1,"=""CLAUDEFRA""",C11,"=""Claude Fra""",,,,TO_REVIEW
RULE_0644,AMPANDRANDAVA,OTHER,1,"=""01327""",A12,"=""01327""",,,,TO_REVIEW
RULE_0645,AMPANDRANDAVA,OTHER,1,"=""01331""",A13,"=""01331""",,,,TO_REVIEW
RULE_0646,AMPANDRANDAVA,OTHER,1,"=""FANAHIA""",B13,"=""FANAHIA""",,,,TO_REVIEW
RULE_0647,AMPANDRANDAVA,OTHER,1,"=""BERTRANDG""",C13,"=""Bertrand G""",,,,TO_REVIEW
RULE_0648,AMPANDRANDAVA,OTHER,1,"=""2B""",F13,"=""2B""",,,,TO_REVIEW
RULE_0649,AMPANDRANDAVA,OTHER,1,"=""01334""",A14,"=""01334""",,,,TO_REVIEW
RULE_0650,AMPANDRANDAVA,OTHER,1,"=""HOVA""",B14,"=""HOVA""",,,,TO_REVIEW
RULE_0651,AMPANDRANDAVA,OTHER,1,"=""CLAUDINE""",C14,"=""Claudine""",,,,TO_REVIEW
RULE_0652,AMPANDRANDAVA,OTHER,1,"=""FEMMEDEMENAGE""",D14,"=""FEMME DE MENAGE""",,,,TO_REVIEW
RULE_0653,AMPANDRANDAVA,OTHER,1,"=""10027""",A15,"=""10027""",,,,TO_REVIEW
RULE_0654,AMPANDRANDAVA,OTHER,1,"=""MILASOA""",B15,"=""MILASOA""",,,,TO_REVIEW
RULE_0655,AMPANDRANDAVA,OTHER,1,"=""GAETAN""",C15,"=""Gaetan""",,,,TO_REVIEW
RULE_0656,AMPANDRANDAVA,OTHER,1,"=""MAGASINIER""",D15,"=""MAGASINIER""",,,,TO_REVIEW
RULE_0657,AMPANDRANDAVA,OTHER,1,"=""10072""",A16,"=""10072""",,,,TO_REVIEW
RULE_0658,AMPANDRANDAVA,OTHER,1,"=""RAZANAMAHEFA""",B16,"=""RAZANAMAHEFA""",,,,TO_REVIEW
RULE_0659,AMPANDRANDAVA,OTHER,1,"=""MONIQUE""",C16,"=""Monique""",,,,TO_REVIEW
RULE_0660,AMPANDRANDAVA,OTHER,1,"=""RESPMICA""",D16,"=""RESP MICA""",,,,TO_REVIEW
RULE_0661,AMPANDRANDAVA,OTHER,1,"=""10100""",A17,"=""10100""",,,,TO_REVIEW
RULE_0662,AMPANDRANDAVA,OTHER,1,"=""RASOAMAMPIONONA""",B17,"=""RASOAMAMPIONONA""",,,,TO_REVIEW
RULE_0663,AMPANDRANDAVA,OTHER,1,"=""ALICE""",C17,"=""Alice""",,,,TO_REVIEW
RULE_0664,AMPANDRANDAVA,OTHER,1,"=""LINGERIE""",D17,"=""LINGERIE""",,,,TO_REVIEW
RULE_0665,AMPANDRANDAVA,OTHER,1,"=""10101""",A18,"=""10101""",,,,TO_REVIEW
RULE_0666,AMPANDRANDAVA,OTHER,1,"=""RALAIVAO""",B18,"=""RALAIVAO""",,,,TO_REVIEW
RULE_0667,AMPANDRANDAVA,OTHER,1,"=""SETHNORBE""",C18,"=""Seth Norbe""",,,,TO_REVIEW
RULE_0668,AMPANDRANDAVA,OTHER,1,"=""RECEPTIONNISTE""",D18,"=""RECEPTIONNISTE""",,,,TO_REVIEW
RULE_0669,AMPANDRANDAVA,OTHER,1,"=""11339""",A19,"=""11339""",,,,TO_REVIEW
RULE_0670,AMPANDRANDAVA,OTHER,1,"=""TSIFY""",C19,"=""Tsify""",,,,TO_REVIEW
RULE_0671,AMPANDRANDAVA,OTHER,1,"=""11340""",A20,"=""11340""",,,,TO_REVIEW
RULE_0672,AMPANDRANDAVA,OTHER,1,"=""TSIVERY""",B20,"=""TSIVERY""",,,,TO_REVIEW
RULE_0673,AMPANDRANDAVA,OTHER,1,"=""LEONCE""",C20,"=""Leonce""",,,,TO_REVIEW
RULE_0674,AMPANDRANDAVA,OTHER,1,"=""11341""",A21,"=""11341""",,,,TO_REVIEW
RULE_0675,AMPANDRANDAVA,OTHER,1,"=""RASOLO""",B21,"=""RASOLO""",,,,TO_REVIEW
RULE_0676,AMPANDRANDAVA,OTHER,1,"=""LOUISSERA""",C21,"=""Louis Sera""",,,,TO_REVIEW
RULE_0677,AMPANDRANDAVA,OTHER,1,"=""11342""",A22,"=""11342""",,,,TO_REVIEW
RULE_0678,AMPANDRANDAVA,OTHER,1,"=""ZAFINDRAZA""",B22,"=""ZAFINDRAZA""",,,,TO_REVIEW
RULE_0679,AMPANDRANDAVA,OTHER,1,"=""11343""",A23,"=""11343""",,,,TO_REVIEW
RULE_0680,AMPANDRANDAVA,OTHER,1,"=""TSANGANAVELO""",B23,"=""TSANGANAVELO""",,,,TO_REVIEW
RULE_0681,AMPANDRANDAVA,OTHER,1,"=""11346""",A24,"=""11346""",,,,TO_REVIEW
RULE_0682,AMPANDRANDAVA,OTHER,1,"=""AVISOA""",B24,"=""AVISOA""",,,,TO_REVIEW
RULE_0683,AMPANDRANDAVA,OTHER,1,"=""MAHONJO""",C24,"=""Mahonjo""",,,,TO_REVIEW
RULE_0684,AMPANDRANDAVA,OTHER,1,"=""11348""",A25,"=""11348""",,,,TO_REVIEW
RULE_0685,AMPANDRANDAVA,OTHER,1,"=""MANJOSOA""",B25,"=""MANJOSOA""",,,,TO_REVIEW
RULE_0686,AMPANDRANDAVA,OTHER,1,"=""11349""",A26,"=""11349""",,,,TO_REVIEW
RULE_0687,AMPANDRANDAVA,OTHER,1,"=""MANAFOKO""",B26,"=""MANAFOKO""",,,,TO_REVIEW
RULE_0688,AMPANDRANDAVA,OTHER,1,"=""11350""",A27,"=""11350""",,,,TO_REVIEW
RULE_0689,AMPANDRANDAVA,OTHER,1,"=""SOAZARA""",B27,"=""SOAZARA""",,,,TO_REVIEW
RULE_0690,AMPANDRANDAVA,OTHER,1,"=""JEANPAUL""",C27,"=""Jean Paul""",,,,TO_REVIEW
RULE_0691,AMPANDRANDAVA,OTHER,1,"=""11351""",A28,"=""11351""",,,,TO_REVIEW
RULE_0692,AMPANDRANDAVA,OTHER,1,"=""SAMBOMANA""",B28,"=""SAMBOMANA""",,,,TO_REVIEW
RULE_0693,AMPANDRANDAVA,OTHER,1,"=""11352""",A29,"=""11352""",,,,TO_REVIEW
RULE_0694,AMPANDRANDAVA,OTHER,1,"=""RANDRIAMANDAMINA""",B29,"=""RANDRIAMANDAMINA""",,,,TO_REVIEW
RULE_0695,AMPANDRANDAVA,OTHER,1,"=""BERNARDIN""",C29,"=""Bernardin""",,,,TO_REVIEW
RULE_0696,AMPANDRANDAVA,OTHER,1,"=""BOUTEFEUX""",D29,"=""BOUTE FEUX""",,,,TO_REVIEW
RULE_0697,AMPANDRANDAVA,OTHER,1,"=""11353""",A30,"=""11353""",,,,TO_REVIEW
RULE_0698,AMPANDRANDAVA,OTHER,1,"=""IERI""",B30,"=""IERI""",,,,TO_REVIEW
RULE_0699,AMPANDRANDAVA,OTHER,1,"=""SANTÉGALO""",C30,"=""Santé Galo""",,,,TO_REVIEW
RULE_0700,AMPANDRANDAVA,DIVISION,1,"=""CONDUCTEUR/SOUDEUR""",D30,"=""CONDUCTEUR/SOUDEUR""",,,,TO_REVIEW
RULE_0701,AMPANDRANDAVA,OTHER,1,"=""11354""",A31,"=""11354""",,,,TO_REVIEW
RULE_0702,AMPANDRANDAVA,OTHER,1,"=""SILIVERA""",B31,"=""SILIVERA""",,,,TO_REVIEW
RULE_0703,AMPANDRANDAVA,OTHER,1,"=""AIDEPLOMBIER""",D31,"=""AIDE PLOMBIER""",,,,TO_REVIEW
RULE_0704,AMPANDRANDAVA,OTHER,1,"=""11355""",A32,"=""11355""",,,,TO_REVIEW
RULE_0705,AMPANDRANDAVA,OTHER,1,"=""ROBITIANA""",B32,"=""ROBITIANA""",,,,TO_REVIEW
RULE_0706,AMPANDRANDAVA,OTHER,1,"=""REINE""",C32,"=""Reine""",,,,TO_REVIEW
RULE_0707,AMPANDRANDAVA,OTHER,1,"=""RESPONSABLEPESEURS""",D32,"=""RESPONSABLE PESEURS""",,,,TO_REVIEW
RULE_0708,AMPANDRANDAVA,OTHER,1,"=""11361""",A33,"=""11361""",,,,TO_REVIEW
RULE_0709,AMPANDRANDAVA,OTHER,1,"=""RAVELOMANANTSOANIRINA""",B33,"=""RAVELOMANANTSOA NIRINA""",,,,TO_REVIEW
RULE_0710,AMPANDRANDAVA,OTHER,1,"=""EDMOND""",C33,"=""Edmond""",,,,TO_REVIEW
RULE_0711,AMPANDRANDAVA,OTHER,1,"=""RESPONSABLEMINESAMPANDRANDA""",D33,"=""RESPONSABLE MINES  AMPANDRANDA""",,,,TO_REVIEW
RULE_0712,AMPANDRANDAVA,OTHER,1,"=""21018""",A34,"=""21018""",,,,TO_REVIEW
RULE_0713,AMPANDRANDAVA,OTHER,1,"=""SOARAZA""",B34,"=""SOARAZA""",,,,TO_REVIEW
RULE_0714,AMPANDRANDAVA,OTHER,1,"=""GERARD""",C34,"=""Gerard""",,,,TO_REVIEW
RULE_0715,AMPANDRANDAVA,OTHER,1,"=""21019""",A35,"=""21019""",,,,TO_REVIEW
RULE_0716,AMPANDRANDAVA,OTHER,1,"=""RAZAFIMANDROSO""",B35,"=""RAZAFIMANDROSO""",,,,TO_REVIEW
RULE_0717,AMPANDRANDAVA,OTHER,1,"=""NANTENAINA""",C35,"=""Nantenaina""",,,,TO_REVIEW
RULE_0718,AMPANDRANDAVA,OTHER,1,"=""21032""",A36,"=""21032""",,,,TO_REVIEW
RULE_0719,AMPANDRANDAVA,OTHER,1,"=""TANANTSOA""",B36,"=""TANANTSOA""",,,,TO_REVIEW
RULE_0720,AMPANDRANDAVA,OTHER,1,"=""21033""",A37,"=""21033""",,,,TO_REVIEW
RULE_0721,AMPANDRANDAVA,OTHER,1,"=""FERNAND""",B37,"=""FERNAND""",,,,TO_REVIEW
RULE_0722,AMPANDRANDAVA,OTHER,1,"=""FIARENA""",C37,"=""Fiarena""",,,,TO_REVIEW
RULE_0723,AMPANDRANDAVA,OTHER,1,"=""21034""",A38,"=""21034""",,,,TO_REVIEW
RULE_0724,AMPANDRANDAVA,OTHER,1,"=""21036""",A39,"=""21036""",,,,TO_REVIEW
RULE_0725,AMPANDRANDAVA,OTHER,1,"=""MALANGISOA""",B39,"=""MALANGISOA""",,,,TO_REVIEW
RULE_0726,AMPANDRANDAVA,OTHER,1,"=""21050""",A40,"=""21050""",,,,TO_REVIEW
RULE_0727,AMPANDRANDAVA,OTHER,1,"=""AUGUSTIN""",C40,"=""Augustin""",,,,TO_REVIEW
RULE_0728,AMPANDRANDAVA,OTHER,1,"=""PESEURMICABRUT""",D40,"=""PESEUR MICA BRUT""",,,,TO_REVIEW
RULE_0729,AMPANDRANDAVA,OTHER,1,"=""21053""",A41,"=""21053""",,,,TO_REVIEW
RULE_0730,AMPANDRANDAVA,OTHER,1,"=""MIANDRISOAT.""",B41,"=""MIANDRISOA T.""",,,,TO_REVIEW
RULE_0731,AMPANDRANDAVA,OTHER,1,"=""NARCISSE""",C41,"=""Narcisse""",,,,TO_REVIEW
RULE_0732,AMPANDRANDAVA,OTHER,1,"=""TOJ""",D41,"=""TOJ""",,,,TO_REVIEW
RULE_0733,AMPANDRANDAVA,OTHER,1,"=""21057""",A42,"=""21057""",,,,TO_REVIEW
RULE_0734,AMPANDRANDAVA,OTHER,1,"=""SOAFANOROA""",B42,"=""SOAFANOROA""",,,,TO_REVIEW
RULE_0735,AMPANDRANDAVA,OTHER,1,"=""MINEUR""",D42,"=""MINEUR""",,,,TO_REVIEW
RULE_0736,AMPANDRANDAVA,OTHER,1,"=""21059""",A43,"=""21059""",,,,TO_REVIEW
RULE_0737,AMPANDRANDAVA,OTHER,1,"=""21061""",A44,"=""21061""",,,,TO_REVIEW
RULE_0738,AMPANDRANDAVA,OTHER,1,"=""RAZAFINDRAKOTONIAINA""",B44,"=""RAZAFINDRAKOTONIAINA""",,,,TO_REVIEW
RULE_0739,AMPANDRANDAVA,OTHER,1,"=""PATRICK""",C44,"=""Patrick""",,,,TO_REVIEW
RULE_0740,AMPANDRANDAVA,OTHER,1,"=""21062""",A45,"=""21062""",,,,TO_REVIEW
RULE_0741,AMPANDRANDAVA,OTHER,1,"=""RAMANAHIRANA""",B45,"=""RAMANAHIRANA""",,,,TO_REVIEW
RULE_0742,AMPANDRANDAVA,OTHER,1,"=""VORISOARE""",C45,"=""Vorisoa Re""",,,,TO_REVIEW
RULE_0743,AMPANDRANDAVA,OTHER,1,"=""21210""",A46,"=""21210""",,,,TO_REVIEW
RULE_0744,AMPANDRANDAVA,OTHER,1,"=""SOJACECILIA""",B46,"=""SOJA CECILIA""",,,,TO_REVIEW
RULE_0745,AMPANDRANDAVA,OTHER,1,"=""21251""",A47,"=""21251""",,,,TO_REVIEW
RULE_0746,AMPANDRANDAVA,OTHER,1,"=""RAKOTOMALALA""",B47,"=""RAKOTOMALALA""",,,,TO_REVIEW
RULE_0747,AMPANDRANDAVA,OTHER,1,"=""SOJA""",C47,"=""Soja""",,,,TO_REVIEW
RULE_0748,AMPANDRANDAVA,OTHER,1,"=""21277""",A48,"=""21277""",,,,TO_REVIEW
RULE_0749,AMPANDRANDAVA,OTHER,1,"=""LAMBO""",B48,"=""LAMBO""",,,,TO_REVIEW
RULE_0750,AMPANDRANDAVA,OTHER,1,"=""21296""",A49,"=""21296""",,,,TO_REVIEW
RULE_0751,AMPANDRANDAVA,OTHER,1,"=""RANOMENJANAHARY""",B49,"=""RANOMENJANAHARY""",,,,TO_REVIEW
RULE_0752,AMPANDRANDAVA,OTHER,1,"=""DONALDREM""",C49,"=""Donald Rem""",,,,TO_REVIEW
RULE_0753,AMPANDRANDAVA,OTHER,1,"=""21322""",A50,"=""21322""",,,,TO_REVIEW
RULE_0754,AMPANDRANDAVA,OTHER,1,"=""RAZAFIMAHATRATRA""",B50,"=""RAZAFIMAHATRATRA""",,,,TO_REVIEW
RULE_0755,AMPANDRANDAVA,OTHER,1,"=""GASTON""",C50,"=""Gaston""",,,,TO_REVIEW
RULE_0756,AMPANDRANDAVA,OTHER,1,"=""21335""",A51,"=""21335""",,,,TO_REVIEW
RULE_0757,AMPANDRANDAVA,OTHER,1,"=""TIRINDRAY""",B51,"=""TIRINDRAY""",,,,TO_REVIEW
RULE_0758,AMPANDRANDAVA,OTHER,1,"=""MAHERISOA""",C51,"=""Maherisoa""",,,,TO_REVIEW
RULE_0759,AMPANDRANDAVA,OTHER,1,"=""21364""",A52,"=""21364""",,,,TO_REVIEW
RULE_0760,AMPANDRANDAVA,OTHER,1,"=""JEAN""",C52,"=""Jean""",,,,TO_REVIEW
RULE_0761,AMPANDRANDAVA,OTHER,1,"=""21473""",A53,"=""21473""",,,,TO_REVIEW
RULE_0762,AMPANDRANDAVA,OTHER,1,"=""21478""",A54,"=""21478""",,,,TO_REVIEW
RULE_0763,AMPANDRANDAVA,OTHER,1,"=""DAMY""",B54,"=""DAMY""",,,,TO_REVIEW
RULE_0764,AMPANDRANDAVA,OTHER,1,"=""SYLVIN""",C54,"=""Sylvin""",,,,TO_REVIEW
RULE_0765,AMPANDRANDAVA,OTHER,1,"=""21479""",A55,"=""21479""",,,,TO_REVIEW
RULE_0766,AMPANDRANDAVA,OTHER,1,"=""FANOMEZA""",B55,"=""FANOMEZA""",,,,TO_REVIEW
RULE_0767,AMPANDRANDAVA,OTHER,1,"=""ALSON""",C55,"=""Alson""",,,,TO_REVIEW
RULE_0768,AMPANDRANDAVA,OTHER,1,"=""BOUTEFEU""",D55,"=""BOUTE FEU""",,,,TO_REVIEW
RULE_0769,AMPANDRANDAVA,OTHER,1,"=""21543""",A56,"=""21543""",,,,TO_REVIEW
RULE_0770,AMPANDRANDAVA,OTHER,1,"=""MIHA""",B56,"=""MIHA""",,,,TO_REVIEW
RULE_0771,AMPANDRANDAVA,OTHER,1,"=""TAHINTSOA""",C56,"=""Tahintsoa""",,,,TO_REVIEW
RULE_0772,AMPANDRANDAVA,OTHER,1,"=""21607""",A57,"=""21607""",,,,TO_REVIEW
RULE_0773,AMPANDRANDAVA,OTHER,1,"=""MANADILY""",B57,"=""MANADILY""",,,,TO_REVIEW
RULE_0774,AMPANDRANDAVA,OTHER,1,"=""21656""",A58,"=""21656""",,,,TO_REVIEW
RULE_0775,AMPANDRANDAVA,OTHER,1,"=""HERINIAINA""",B58,"=""HERINIAINA""",,,,TO_REVIEW
RULE_0776,AMPANDRANDAVA,OTHER,1,"=""THERRYGAL""",C58,"=""Therry Gal""",,,,TO_REVIEW
RULE_0777,AMPANDRANDAVA,OTHER,1,"=""21675""",A59,"=""21675""",,,,TO_REVIEW
RULE_0778,AMPANDRANDAVA,OTHER,1,"=""RAZAFINDRAGABY""",B59,"=""RAZAFINDRAGABY""",,,,TO_REVIEW
RULE_0779,AMPANDRANDAVA,OTHER,1,"=""21714""",A60,"=""21714""",,,,TO_REVIEW
RULE_0780,AMPANDRANDAVA,OTHER,1,"=""RATOVONIAINA""",B60,"=""RATOVONIAINA""",,,,TO_REVIEW
RULE_0781,AMPANDRANDAVA,OTHER,1,"=""SOJAOBIN""",C60,"=""Soja Obin""",,,,TO_REVIEW
RULE_0782,AMPANDRANDAVA,OTHER,1,"=""21737""",A61,"=""21737""",,,,TO_REVIEW
RULE_0783,AMPANDRANDAVA,OTHER,1,"=""REMY""",B61,"=""REMY""",,,,TO_REVIEW
RULE_0784,AMPANDRANDAVA,OTHER,1,"=""ELJHONE""",C61,"=""Eljhone""",,,,TO_REVIEW
RULE_0785,AMPANDRANDAVA,OTHER,1,"=""21844""",A62,"=""21844""",,,,TO_REVIEW
RULE_0786,AMPANDRANDAVA,OTHER,1,"=""KARENA""",B62,"=""KARENA""",,,,TO_REVIEW
RULE_0787,AMPANDRANDAVA,OTHER,1,"=""VIOLETTE""",C62,"=""Violette""",,,,TO_REVIEW
RULE_0788,AMPANDRANDAVA,OTHER,1,"=""TAMISEUSE""",D62,"=""TAMISEUSE""",,,,TO_REVIEW
RULE_0789,AMPANDRANDAVA,OTHER,1,"=""21970""",A63,"=""21970""",,,,TO_REVIEW
RULE_0790,AMPANDRANDAVA,OTHER,1,"=""TONGARIVO""",B63,"=""TONGARIVO""",,,,TO_REVIEW
RULE_0791,AMPANDRANDAVA,OTHER,1,"=""JACK""",C63,"=""Jack""",,,,TO_REVIEW
RULE_0792,AMPANDRANDAVA,OTHER,1,"=""CONTROLEUSEMICABRUT""",D63,"=""CONTROLEUSE MICA BRUT""",,,,TO_REVIEW
RULE_0793,AMPANDRANDAVA,OTHER,1,"=""22011""",A64,"=""22011""",,,,TO_REVIEW
RULE_0794,AMPANDRANDAVA,OTHER,1,"=""TOVO""",B64,"=""TOVO""",,,,TO_REVIEW
RULE_0795,AMPANDRANDAVA,OTHER,1,"=""JOSÉANACL""",C64,"=""José Anacl""",,,,TO_REVIEW
RULE_0796,AMPANDRANDAVA,OTHER,1,"=""22012""",A65,"=""22012""",,,,TO_REVIEW
RULE_0797,AMPANDRANDAVA,OTHER,1,"=""SOLOBERA""",B65,"=""SOLOBERA""",,,,TO_REVIEW
RULE_0798,AMPANDRANDAVA,OTHER,1,"=""22013""",A66,"=""22013""",,,,TO_REVIEW
RULE_0799,AMPANDRANDAVA,OTHER,1,"=""KOTO""",B66,"=""KOTO""",,,,TO_REVIEW
RULE_0800,AMPANDRANDAVA,OTHER,1,"=""FLORENT""",C66,"=""Florent""",,,,TO_REVIEW
RULE_0801,AMPANDRANDAVA,OTHER,1,"=""22014""",A67,"=""22014""",,,,TO_REVIEW
RULE_0802,AMPANDRANDAVA,OTHER,1,"=""MOLY""",B67,"=""MOLY""",,,,TO_REVIEW
RULE_0803,AMPANDRANDAVA,OTHER,1,"=""JUSTIN""",C67,"=""Justin""",,,,TO_REVIEW
RULE_0804,AMPANDRANDAVA,OTHER,1,"=""22265""",A68,"=""22265""",,,,TO_REVIEW
RULE_0805,AMPANDRANDAVA,OTHER,1,"=""NOMENJANAHARYRALAINANDRASANA""",B68,"=""NOMENJANAHARY RALAINANDRASANA""",,,,TO_REVIEW
RULE_0806,AMPANDRANDAVA,OTHER,1,"=""JEANLADIS""",C68,"=""Jean Ladis""",,,,TO_REVIEW
RULE_0807,AMPANDRANDAVA,OTHER,1,"=""22313""",A69,"=""22313""",,,,TO_REVIEW
RULE_0808,AMPANDRANDAVA,OTHER,1,"=""SOALITSY""",B69,"=""SOALITSY""",,,,TO_REVIEW
RULE_0809,AMPANDRANDAVA,OTHER,1,"=""JOENTOLY""",C69,"=""Joentoly""",,,,TO_REVIEW
RULE_0810,AMPANDRANDAVA,OTHER,1,"=""22314""",A70,"=""22314""",,,,TO_REVIEW
RULE_0811,AMPANDRANDAVA,OTHER,1,"=""RAZAFIMAHALEO""",B70,"=""RAZAFIMAHALEO""",,,,TO_REVIEW
RULE_0812,AMPANDRANDAVA,OTHER,1,"=""HERIZO""",C70,"=""Herizo""",,,,TO_REVIEW
RULE_0813,AMPANDRANDAVA,OTHER,1,"=""22315""",A71,"=""22315""",,,,TO_REVIEW
RULE_0814,AMPANDRANDAVA,OTHER,1,"=""SAMBOVELOR.""",B71,"=""SAMBOVELO R.""",,,,TO_REVIEW
RULE_0815,AMPANDRANDAVA,OTHER,1,"=""23001""",A72,"=""23001""",,,,TO_REVIEW
RULE_0816,AMPANDRANDAVA,OTHER,1,"=""TOGNENDRAY""",C72,"=""Tognendray""",,,,TO_REVIEW
RULE_0817,AMPANDRANDAVA,OTHER,1,"=""23004""",A73,"=""23004""",,,,TO_REVIEW
RULE_0818,AMPANDRANDAVA,OTHER,1,"=""MANDIGNISOA""",B73,"=""MANDIGNISOA""",,,,TO_REVIEW
RULE_0819,AMPANDRANDAVA,OTHER,1,"=""23006""",A74,"=""23006""",,,,TO_REVIEW
RULE_0820,AMPANDRANDAVA,OTHER,1,"=""ZAFIARIVO""",B74,"=""ZAFIARIVO""",,,,TO_REVIEW
RULE_0821,AMPANDRANDAVA,OTHER,1,"=""ODON""",C74,"=""Odon""",,,,TO_REVIEW
RULE_0822,AMPANDRANDAVA,OTHER,1,"=""23009""",A75,"=""23009""",,,,TO_REVIEW
RULE_0823,AMPANDRANDAVA,OTHER,1,"=""LAZA""",C75,"=""Laza""",,,,TO_REVIEW
RULE_0824,AMPANDRANDAVA,OTHER,1,"=""23010""",A76,"=""23010""",,,,TO_REVIEW
RULE_0825,AMPANDRANDAVA,OTHER,1,"=""REFISORA""",B76,"=""REFISORA""",,,,TO_REVIEW
RULE_0826,AMPANDRANDAVA,OTHER,1,"=""ANDRIANAMB""",C76,"=""Andrianamb""",,,,TO_REVIEW
RULE_0827,AMPANDRANDAVA,OTHER,1,"=""23011""",A77,"=""23011""",,,,TO_REVIEW
RULE_0828,AMPANDRANDAVA,OTHER,1,"=""VELONTSARA""",B77,"=""VELONTSARA""",,,,TO_REVIEW
RULE_0829,Commande à honorer,MULTIPLICATION,1,=73*24000,I5,=73*24000,,,,TO_REVIEW
RULE_0830,Commande à honorer,MULTIPLICATION,1,=2*17500,I7,=2*17500,,,,TO_REVIEW
RULE_0831,Commande à honorer,MULTIPLICATION,1,=2*17.5,I14,=2*17.5,,,,TO_REVIEW
RULE_0832,Commande à honorer,DIVISION,1,=LOCAL_CELL/24000,G20,=+E20/24000,,,,TO_REVIEW
RULE_0833,Commande à honorer,BROKEN_REFERENCE,1,=LOCAL_CELL-PRODUCTION!#REF!/1000-LOCAL_CELL-LOCAL_CELL,G23,=+E23-Production!#REF!/1000-E21-E22,,,,INVALID
RULE_0834,Commande à honorer,ARITHMETIC,1,=LOCAL_CELL+LOCAL_CELL,E26,=+E4+E6,,,,TO_REVIEW
RULE_0835,Commande à honorer,DIVISION,1,=LOCAL_CELL/24,E27,=+E26/24,,,,TO_REVIEW
RULE_0836,Détails,MULTIPLICATION,1,=33*24000,E3,=33*24000,,,,TO_REVIEW
RULE_0837,Détails,DIVISION,1,=18/20,I3,=18/20,,,,TO_REVIEW
RULE_0838,Détails,MULTIPLICATION,1,=25*50,G30,=25*50,,,,TO_REVIEW
RULE_0839,Détails,MULTIPLICATION,1,=18*24,J39,=18*24,,,,TO_REVIEW
RULE_0840,Détails,MULTIPLICATION,1,=LOCAL_CELL*10,K39,=+J39*10,,,,TO_REVIEW
RULE_0841,Détails,AGGREGATION,1,"=SUM(LOCAL_CELL,LOCAL_CELL,LOCAL_CELL)",C44,"=SUM(D41,D37,D28)",,,,TO_REVIEW
RULE_0842,Détails,MULTIPLICATION,1,=LOCAL_CELL*12,F44,=C44*12,,,,TO_REVIEW
RULE_0843,Détails,MULTIPLICATION,1,=3750*5,C47,=3750*5,,,,TO_REVIEW
RULE_0844,Détails,ARITHMETIC,1,=100+80,G47,=100+80,,,,TO_REVIEW
RULE_0845,Détails,MULTIPLICATION,1,=1875*5,C48,=1875*5,,,,TO_REVIEW
RULE_0846,Détails,MULTIPLICATION,1,=18750*5,C49,=18750*5,,,,TO_REVIEW
RULE_0847,Détails,MULTIPLICATION,1,=15*2,F66,=15*2,,,,TO_REVIEW
RULE_0848,Détails,MULTIPLICATION,1,=0.5*6*4,G77,=0.5*6*4,,,,TO_REVIEW
RULE_0849,Détails,MULTIPLICATION,1,=80*2,C81,=80*2,,,,TO_REVIEW
RULE_0850,Détails,MULTIPLICATION,1,=12*6,G81,=12*6,,,,TO_REVIEW
RULE_0851,Détails,MULTIPLICATION,1,=239*2,C83,=239*2,,,,TO_REVIEW
RULE_0852,Détails,MULTIPLICATION,1,=LOCAL_CELL*4000,E87,=+E86*4000,,,,TO_REVIEW
RULE_0853,Détails,MULTIPLICATION,1,=LOCAL_CELL*1.2,F99,=+B99*1.2,,,,TO_REVIEW
RULE_0854,Détails,DIVISION,1,=LOCAL_CELL/3,G99,=+F99/3,,,,TO_REVIEW
RULE_0855,Détails,DIVISION,1,=250000000/3750,I99,=250000000/3750,,,,TO_REVIEW
RULE_0856,Détails,MULTIPLICATION,1,=LOCAL_CELL*0.1,B101,=+B100*0.1,,,,TO_REVIEW
RULE_0857,Commandes,DIVISION,1,=500/LOCAL_CELL,G6,=500/C6,,,,TO_REVIEW
RULE_0858,Commandes,DIVISION,1,=1600/12,Q13,=1600/12,,,,TO_REVIEW
RULE_0859,Commandes,DIVISION,1,=LOCAL_CELL/20,R13,=+Q13/20,,,,TO_REVIEW
RULE_0860,Production,LOCAL_REFERENCE,1,"=IF(LOCAL_CELL>LOCAL_CELL,""SURACTIVITÉ"",""SOUSACTIVITÉ"")",B14,"=IF(P12>P6,""Sur activité"",""Sous activité"")",,,,TO_REVIEW
RULE_0861,Production,LOCAL_REFERENCE,1,"=""%""&""""&LOCAL_CELL",B15,"=""%""&"" ""&B12",,,,TO_REVIEW
RULE_0862,Production,ARITHMETIC,1,=LOCAL_CELL+LOCAL_CELL,R40,=+P40+P41,,,,TO_REVIEW
RULE_0863,Production,ARITHMETIC,1,=(+LOCAL_CELL)-45600,M41,=(+L41)-45600,,,,TO_REVIEW
RULE_0864,Production,BROKEN_REFERENCE,1,=LOCAL_CELL-#REF!,R41,=+R40-#REF!,,,,INVALID
RULE_0865,Production,BROKEN_REFERENCE,1,=LOCAL_CELL/CA!#REF!,T42,=+S42/CA!#REF!,,,,INVALID
RULE_0866,Production,MULTIPLICATION,1,=(+LOCAL_CELL/LOCAL_CELL*LOCAL_CELL)/LOCAL_CELL,S44,=(+P43/P44*P68)/P43,,,,TO_REVIEW
RULE_0867,Production,AGGREGATION,1,=SUM(LOCAL_RANGE)*LOCAL_CELL,P64,=+SUM(P59:P61)*P71,,,,TO_REVIEW
RULE_0868,Production,OTHER,1,=AVERAGE(LOCAL_RANGE),R71,=AVERAGE(D71:O71),,,,TO_REVIEW
RULE_0869,Production,MULTIPLICATION,1,=LOCAL_CELL*1000,Y80,=+P73*1000,,,,TO_REVIEW
RULE_0870,Traitement,LOCAL_REFERENCE,1,<OPENPYXL.WORKSHEET.FORMULA.ARRAYFORMULAOBJECTAT0LOCAL_CELLCLOCAL_CELLLOCAL_CELL>,B120,<openpyxl.worksheet.formula.ArrayFormula object at 0x0000026CDDA59E50>,,,,TO_REVIEW
RULE_0871,Calcul,AGGREGATION,1,"=SUBTOTAL(9,TPROD[QUANTITÉ])",D223,"=+SUBTOTAL(9,TProd[Quantité])",,,,TO_REVIEW
RULE_0872,Calcul,AGGREGATION,1,"=SUBTOTAL(9,TPROD[PRODUCTIONS])",F223,"=+SUBTOTAL(9,TProd[Productions])",,,,TO_REVIEW
RULE_0873,Besoins en micas,PRODUCTION_DEPENDENCY,1,=REF[PRODUCTION],O2,=+Production!P8,,,,TO_REVIEW
RULE_0874,Besoins en micas,LOCAL_REFERENCE,1,<OPENPYXL.WORKSHEET.FORMULA.ARRAYFORMULAOBJECTAT0LOCAL_CELLLOCAL_CELLLOCAL_CELLLOCAL_CELL>,F154,<openpyxl.worksheet.formula.ArrayFormula object at 0x0000026CDE0DB6D0>,,,,TO_REVIEW
RULE_0875,Besoins en micas,LOCAL_REFERENCE,1,<OPENPYXL.WORKSHEET.FORMULA.ARRAYFORMULAOBJECTAT0LOCAL_CELLCDDDLOCAL_CELL>,F190,<openpyxl.worksheet.formula.ArrayFormula object at 0x0000026CDDDCCB90>,,,,TO_REVIEW
RULE_0876,Besoins en micas,LOCAL_REFERENCE,1,<OPENPYXL.WORKSHEET.FORMULA.ARRAYFORMULAOBJECTAT0LOCAL_CELLCLOCAL_CELL>,F238,<openpyxl.worksheet.formula.ArrayFormula object at 0x0000026CDDD71890>,,,,TO_REVIEW
RULE_0877,Besoins en micas,CROSS_SHEET_REFERENCE,1,=LOCAL_CELL-REF[DÉTAILSACHATSDIRECT],H251,=+H250-'Détails Achats direct'!P15,,,,TO_REVIEW
RULE_0878,Besoins en micas,BROKEN_REFERENCE,1,=REF[PRODUCTION]-#REF!,E292,=+Production!P68-#REF!,,,,INVALID
RULE_0879,Feuil3,MULTIPLICATION,1,=LOCAL_CELL/12*LOCAL_CELL,F9,=+D9/12*C9,,,,TO_REVIEW
RULE_0880,Feuil3,DIVISION,1,=LOCAL_CELL/LOCAL_CELL,Q39,=+O39/C39,,,,TO_REVIEW
RULE_0881,Feuil3,ARITHMETIC,1,=-LOCAL_CELL,D63,=-D62,,,,TO_REVIEW
RULE_0882,Feuil3,ARITHMETIC,1,=-LOCAL_CELL-LOCAL_CELL,D65,=-M57-N57,,,,TO_REVIEW
RULE_0883,CA,AGGREGATION,1,=SUM(REF[CRNATUREFD]:LOCAL_CELL),Q32,=SUM('CR Nature FD'!O4:O8),,,,TO_REVIEW
RULE_0884,CA,ARITHMETIC,1,=LOCAL_CELL-LOCAL_CELL,R32,=+O32-Q32,,,,TO_REVIEW
RULE_0885,CA,MULTIPLICATION,1,=-LOCAL_CELL*0.75,D39,=-D38*0.75,,,,TO_REVIEW
RULE_0886,CA,MULTIPLICATION,1,=-LOCAL_CELL*0.95,K39,=-K38*0.95,,,,TO_REVIEW
RULE_0887,CA,CROSS_SHEET_REFERENCE,1,=REF[AN],C40,=+AN!C181,,,,TO_REVIEW
RULE_0888,CA,LOCAL_REFERENCE,1,<OPENPYXL.WORKSHEET.FORMULA.ARRAYFORMULAOBJECTAT0LOCAL_CELLLOCAL_CELLLOCAL_CELL>,I197,<openpyxl.worksheet.formula.ArrayFormula object at 0x0000026CDE157D50>,,,,TO_REVIEW
RULE_0889,Sal,ARITHMETIC,1,=-LOCAL_CELL-LOCAL_CELL-LOCAL_CELL,M200,=-J199-K199-L199,,,,TO_REVIEW
RULE_0890,Détails Achats direct,CROSS_SHEET_REFERENCE,1,=LOCAL_CELL-REF[BESOINSENMICAS],Q15,=+P15-'Besoins en micas'!O109,,,,TO_REVIEW
RULE_0891,Détails Achats direct,MULTIPLICATION,1,=LOCAL_CELL*LOCAL_CELL,P26,=+P24*$D$18,,,,TO_REVIEW
RULE_0892,Détails Achats direct,CROSS_SHEET_REFERENCE,1,=(+REF[DÉTAILS]*3)*2,D36,=(+Détails!B92*3)*2,,,,TO_REVIEW
RULE_0893,Détails Achats direct,MULTIPLICATION,1,=(660000/2)*2,D38,=(660000/2)*2,,,,TO_REVIEW
RULE_0894,Détails Achats direct,MULTIPLICATION,1,=(620000/2)*2,D45,=(620000/2)*2,,,,TO_REVIEW
RULE_0895,Primes,PURCHASE_ALLOCATION,1,=PARAM[PART_ACHAT_TRANOMARO],B8,=+'Données SOMIDA'!D62,,,,TO_REVIEW
RULE_0896,Primes,PURCHASE_ALLOCATION,1,=PARAM[PART_ACHAT_AMPANDRANDAVA],B9,=+'Données SOMIDA'!D63,,,,TO_REVIEW
RULE_0897,Primes,PURCHASE_ALLOCATION,1,=PARAM[PART_ACHAT_FORT_DAUPHIN],B10,=+'Données SOMIDA'!D64,,,,TO_REVIEW
RULE_0898,Primes,MULTIPLICATION,1,=LOCAL_CELL*2,H20,=+G20*2,,,,TO_REVIEW
RULE_0899,Primes,ARITHMETIC,1,=LOCAL_CELL+LOCAL_CELL+LOCAL_CELL,B112,=+B40+B46+B56,,,,TO_REVIEW
RULE_0900,Prestation,PRODUCTION_DEPENDENCY,1,=REF[PRODUCTION]*REF[PRESTATION],D13,=+Production!O1*Prestation!C32,,,,TO_REVIEW
RULE_0901,Prestation,CROSS_SHEET_REFERENCE,1,=REF[CA]+REF[CA]+REF[CA]+REF[CA],R29,=+CA!O4+CA!O5+CA!O9+CA!O14,,,,TO_REVIEW
RULE_0902,Prestation,CROSS_SHEET_REFERENCE,1,=REF[DONNÉESSOMIDA]*REF[DONNÉESSOMIDA],C38,=+'Données SOMIDA'!D85*'Données SOMIDA'!E11,,,,TO_REVIEW
RULE_0903,Prestation,CROSS_SHEET_REFERENCE,1,=REF[CA]+REF[CA],S38,=+CA!O11+CA!O6,,,,TO_REVIEW
RULE_0904,Prestation,MULTIPLICATION,1,=(1500000/2)*4*3,F68,=(1500000/2)*4*3,,,,TO_REVIEW
RULE_0905,Prestation,MULTIPLICATION,1,=70000*2,D94,=70000*2,,,,TO_REVIEW
RULE_0906,Prestation,MULTIPLICATION,1,=LOCAL_CELL*3,E96,=$B$6*3,,,,TO_REVIEW
RULE_0907,Prestation,MULTIPLICATION,1,=13*8,E97,=13*8,,,,TO_REVIEW
RULE_0908,Feuil1 (2),DIVISION,1,=LOCAL_CELL/LOCAL_CELL,AA19,=+X19/Y19,,,,TO_REVIEW
RULE_0909,Autres,CROSS_SHEET_REFERENCE,1,=REF[I&T],B2,=+'I&T'!B2,,,,TO_REVIEW
RULE_0910,CR Nature FD,CROSS_SHEET_REFERENCE,1,=REF[CA]-LOCAL_CELL+LOCAL_CELL,P10,=+CA!O32-O10+O9,,,,TO_REVIEW
RULE_0911,CR Nature FD,PURCHASE_DEPENDENCY,1,=REF[ACHAT]-LOCAL_CELL,P11,=+Achat!P31-O11,,,,TO_REVIEW
RULE_0912,CR Nature FD,SERVICE_DEPENDENCY,1,=REF[PRESTATION]-LOCAL_CELL,P12,=+Prestation!P71-O12,,,,TO_REVIEW
RULE_0913,CR Nature FD,SALARY_DEPENDENCY,1,=REF[SAL]-LOCAL_CELL,P15,=+Sal!P174-O15,,,,TO_REVIEW
RULE_0914,CR Nature FD,CROSS_SHEET_REFERENCE,1,=REF[I&T]-LOCAL_CELL,P16,=+'I&T'!P12-O16,,,,TO_REVIEW
RULE_0915,CR Nature FD,CROSS_SHEET_REFERENCE,1,=REF[AUTRES]-LOCAL_CELL,P19,=+Autres!O5-O19,,,,TO_REVIEW
RULE_0916,CR Nature FD,CROSS_SHEET_REFERENCE,1,=REF[AMORT]-LOCAL_CELL,P20,=+Amort!O15-O20,,,,TO_REVIEW
RULE_0917,CR Nature FD,CROSS_SHEET_REFERENCE,1,=REF[FRAISFINANCIER]-LOCAL_CELL,P25,=+'Frais financier'!O4-O25,,,,TO_REVIEW
RULE_0918,Etat_Trésorerie FD,LOCAL_REFERENCE,1,=YEAR(LOCAL_CELL),C2,=YEAR(C3),,,,TO_REVIEW
RULE_0919,Etat_Trésorerie FD,OTHER,1,=NOW(),C3,=NOW(),,,,TO_REVIEW
RULE_0920,Etat_Trésorerie FD,ARITHMETIC,1,=(1500+443.28)+-509.28003726,J75,=(1500+443.28)+-509.28003726,,,,TO_REVIEW
RULE_0921,Etat_Trésorerie FD,CROSS_SHEET_REFERENCE,1,=REF[AN],C80,=+AN!C229,,,,TO_REVIEW
RULE_0922,Invest FD,AGGREGATION,1,=SUM(LOCAL_RANGE)*5%,D9,=+SUM(D4:D8)*5%,,,,TO_REVIEW
RULE_0923,Invest FD,MULTIPLICATION,1,=(+LOCAL_CELL+LOCAL_CELL)*0.1/12,H12,=+(+H4+H5)*0.1/12,,,,TO_REVIEW
RULE_0924,Invest FD,MULTIPLICATION,1,=LOCAL_CELL*0.2/12,D15,=+D5*0.2/12,,,,TO_REVIEW
RULE_0925,Invest FD,ARITHMETIC,1,=LOCAL_CELL-LOCAL_CELL,O37,=+O35-O36,,,,TO_REVIEW
RULE_0926,AN,ARITHMETIC,1,=-LOCAL_CELL-LOCAL_CELL-LOCAL_CELL,M96,=-J95-K95-L95,,,,TO_REVIEW
RULE_0927,AN,AGGREGATION,1,=-SUM(LOCAL_RANGE)-LOCAL_CELL,D135,=-SUM(D126:D134)-D125,,,,TO_REVIEW
RULE_0928,AN,PRODUCTION_DEPENDENCY,1,=REF[PRODUCTION],C169,=+Production!D50,,,,TO_REVIEW
RULE_0929,AN,MULTIPLICATION,1,=LOCAL_CELL*2,I198,=+H198*2,,,,TO_REVIEW
RULE_0930,AN,MULTIPLICATION,1,=LOCAL_CELL*1.5,J198,=+I198*1.5,,,,TO_REVIEW
RULE_0931,AN,MULTIPLICATION,1,=LOCAL_CELL*1000,O281,=+O279*1000,,,,TO_REVIEW
RULE_0932,Emprunts FD,DIVISION,1,=LOCAL_CELL/1000,F2,=+E2/1000,,,,TO_REVIEW
RULE_0933,Emprunts FD,DIVISION,1,=LOCAL_CELL/12,E8,=+E5/12,,,,TO_REVIEW
RULE_0934,Emprunts FD,MULTIPLICATION,1,=LOCAL_CELL*(LOCAL_CELL/(1-(1+LOCAL_CELL)^-LOCAL_CELL)),K8,=F8*(E8/(1-(1+E8)^-D8)),,,,TO_REVIEW
RULE_0935,Emprunts FD,ARITHMETIC,1,=LOCAL_CELL+LOCAL_CELL-LOCAL_CELL,I14,=+E14+G14-F14,,,,TO_REVIEW
RULE_0936,Détails FF FD,CROSS_SHEET_REFERENCE,1,=REF[EMPRUNTSFD]-LOCAL_CELL,P14,=+'Emprunts FD'!H110-O14,,,,TO_REVIEW
