sheet,pattern,occurrences,example_cell,example_formula,business_rule_code,business_description,status
Calcul,=+'BESOINSENMICAS'!CELL,1188,A3,=+'Besoins en micas'!B142,,,TO_REVIEW
Calcul,=CA!CELL,972,A114,=CA!B59,,,TO_REVIEW
Sal,=+CELL,846,D13,=+D2,,,TO_REVIEW
Besoins en micas,=+CELL,701,C9,=+C2,,,TO_REVIEW
AN,=+CELL,688,C12,=+C62,,,TO_REVIEW
CA,=+CELL,514,B12,=+B7,,,TO_REVIEW
Sal,=+CELL+CELL,460,D26,=+D24+D25,,,TO_REVIEW
Stat,='BESOINSENMICAS'!#REF!,432,C4,='Besoins en micas'!#REF!,,,TO_REVIEW
AN,=SUM(CELL:CELL),376,P3,=SUM(H3:O3),,,TO_REVIEW
Sal,=+PRIMES!CELL,328,D75,=+Primes!D48,,,TO_REVIEW
AN,=+CELL+CELL,316,D26,=+D89+D90,,,TO_REVIEW
CA,=+CELL/'DONNÉESSOMIDA'!CELL,314,C54,=+C53/'Données SOMIDA'!$E$6,,,TO_REVIEW
Production,=+CELL,310,B9,=+B3,,,TO_REVIEW
Sal,=SUM(CELL:CELL),291,D7,=SUM(D3:D6),,,TO_REVIEW
Besoins en micas,=SUM(CELL:CELL),269,O3,=SUM(C3:N3),,,TO_REVIEW
Stat,=+CELL*CELL,264,H4,=+F4*G4,,,TO_REVIEW
AN,=-(-CELL+CELL),252,D252,=-(-C252+D4),,,TO_REVIEW
Achat,=+'DÉTAILSACHATSDIRECT'!CELL,241,D4,=+'Détails Achats direct'!D15,,,TO_REVIEW
Primes,=+CELL*CELL,240,D8,=+$B$8*D6,,,TO_REVIEW
Prestation,=+CELL,229,D2,=+D18,,,TO_REVIEW
Besoins en micas,=+CELL*'DONNÉESSOMIDA'!CELL,228,C31,=+C3*'Données SOMIDA'!$D$58,,,TO_REVIEW
Primes,"=+IF(CELL>=CELL,CELL,IF(CELL>=CELL,CELL,IF(CELL>=CELL,CELL,IF(CELL>=CELL,CELL,0))))",228,D29,"=+IF(D23>=$J$16,$J$20,IF(D23>=$I$16,$I$20,IF(D23>=$H$16,$H$20,IF(D23>=$G$16,$G$20,0))))",,,TO_REVIEW
Calcul,=+PRODUCTION!CELL,216,A225,=+Production!I139,,,TO_REVIEW
Besoins en micas,=+CELL*CELL,216,H142,=+F142*G142,,,TO_REVIEW
Besoins en micas,"=IFERROR(+CELL/CELL,"""")",214,C91,"=IFERROR(+C81/C86,"" "")",,,TO_REVIEW
Détails Achats direct,=+CELL,199,C21,=+C3,,,TO_REVIEW
BL,=SUM(CELL:CELL),197,U5,=SUM(H5:T5),,,TO_REVIEW
BL,"=+LEFT(CELL,1)",196,B5,"=+LEFT(A5,1)",,,TO_REVIEW
BL,"=+LEFT(CELL,2)",196,C5,"=+LEFT(A5,2)",,,TO_REVIEW
BL,"=+LEFT(CELL,3)",196,D5,"=+LEFT(A5,3)",,,TO_REVIEW
BL,"=+LEFT(CELL,4)",196,E5,"=+LEFT(A5,4)",,,TO_REVIEW
Besoins en micas,=+CELL+CELL,196,C81,=+C78+C71,,,TO_REVIEW
Emprunts FD,"=IF(CELL="""","""",IF(CELL+1>CELL,"""",CELL-CELL))",185,I15,"=IF(A14="" "","" "",IF(A14+1>$D$8,"" "",E15-H15))",,,TO_REVIEW
Emprunts FD,"=IF(CELL="""","""",IF(CELL+1>CELL,"""",CELL))",178,E21,"=IF(A20="" "","" "",IF(A20+1>$D$8,"" "",I20))",,,TO_REVIEW
Etat_Trésorerie FD,=SUM(CELL:CELL),174,P9,=SUM(D9:O9),,,TO_REVIEW
Etat_Trésorerie FD,=-AN!CELL,167,D9,=-AN!D180,,,TO_REVIEW
Stat,=+CELL+CELL,157,K4,=+J4+H4,,,TO_REVIEW
Production,=SUM(CELL:CELL),152,P3,=SUM(D3:O3),,,TO_REVIEW
Feuil3,=+CELL,147,M4,=+I4,,,TO_REVIEW
Stat,"=IFERROR(+CELL/CELL,0)",145,L4,"=IFERROR(+K4/F4,0)",,,TO_REVIEW
Amort,=+'INVESTFD'!CELL,145,C3,=+'Invest FD'!C22,,,TO_REVIEW
Primes,=SUM(CELL:CELL),143,P3,=SUM(D3:O3),,,TO_REVIEW
Production,=+COMMANDES!CELL,138,D2,=+Commandes!C27,,,TO_REVIEW
CA,"=_XLFN.XLOOKUP(CELL,'DONNÉESSOMIDA'!CELL:CELL,'DONNÉESSOMIDA'!CELL:CELL)",132,B59,"=_xlfn.XLOOKUP(C59,'Données SOMIDA'!$C$18:$C$28,'Données SOMIDA'!$B$18:$B$28)",,,TO_REVIEW
CA,"=IF(CELL=""CELL"",'DONNÉESSOMIDA'!CELL,VLOOKUP(CELL,'DONNÉESSOMIDA'!CELL:CELL,12,FALSE))",132,F59,"=IF(C59=""FP1"",'Données SOMIDA'!$N$83,VLOOKUP(E59,'Données SOMIDA'!$C$79:$N$85,12,FALSE))",,,TO_REVIEW
Détails Achats direct,=+'BESOINSENMICAS'!CELL,132,D3,=+'Besoins en micas'!C43,,,TO_REVIEW
Primes,=+CELL,130,C16,=+C23,,,TO_REVIEW
AN,=+CELL+CELL+CELL,125,D12,=+D58+D61+D60,,,TO_REVIEW
Invest FD,=+CELL,124,B13,=+B3,,,TO_REVIEW
Prestation,=SUM(CELL:CELL),123,P4,=SUM(D4:O4),,,TO_REVIEW
Commandes,=+CELL,114,C2,=+C45,,,TO_REVIEW
Stat,"=_XLFN.XLOOKUP(CELL,O:O,N:N)",108,B4,"=_xlfn.XLOOKUP(C4,O:O,N:N)",,,TO_REVIEW
Stat,"=IF(CELL=""CELL"",'DONNÉESSOMIDA'!CELL,VLOOKUP(CELL,'DONNÉESSOMIDA'!CELL:CELL,5,FALSE))",108,G4,"=IF(C4=""FP1"",'Données SOMIDA'!$G$73,VLOOKUP(E4,'Données SOMIDA'!$C$71:$G$75,5,FALSE))",,,TO_REVIEW
Stat,"=+VLOOKUP(CELL,'DONNÉESSOMIDA'!CELL:CELL,3,FALSE)",108,I4,"=+VLOOKUP(E4,'Données SOMIDA'!$C$71:$E$75,3,FALSE)",,,TO_REVIEW
Commandes,=+CELL*CELL,108,C28,=+C10*$C$4,,,TO_REVIEW
Calcul,=CA!CELL*1000,108,F114,=CA!G59*1000,,,TO_REVIEW
Besoins en micas,"=_XLFN.XLOOKUP(CELL,'DONNÉESSOMIDA'!CELL:CELL,'DONNÉESSOMIDA'!CELL:CELL)",108,C142,"=_xlfn.XLOOKUP(D142,'Données SOMIDA'!$C$31:$C$42,'Données SOMIDA'!$B$31:$B$42)",,,TO_REVIEW
Besoins en micas,"=IF(CELL=""CELLGAZ"",'DONNÉESSOMIDA'!CELL,VLOOKUP('BESOINSENMICAS'!CELL,'DONNÉESSOMIDA'!CELL:CELL,5,FALSE))",108,G142,"=IF(D142=""FP1 GAZ"",'Données SOMIDA'!$G$73,VLOOKUP('Besoins en micas'!E142,'Données SOMIDA'!$C$71:$G$77,5,FALSE))",,,TO_REVIEW
Besoins en micas,"=IF(CELL=""CELLGAZ"",'DONNÉESSOMIDA'!CELL,VLOOKUP(CELL,'DONNÉESSOMIDA'!CELL:CELL,3,FALSE))",108,I142,"=IF(D142=""FP1 GAZ"",'Données SOMIDA'!$E$73,VLOOKUP(E142,'Données SOMIDA'!$C$71:$E$75,3,FALSE))",,,TO_REVIEW
CA,=+COMMANDES!CELL,108,C4,=+Commandes!C28,,,TO_REVIEW
CA,=+CELL*'DONNÉESSOMIDA'!CELL*'DONNÉESSOMIDA'!CELL,108,C19,=+C4*'Données SOMIDA'!$D$79*'Données SOMIDA'!$E$6,,,TO_REVIEW
CA,"=IF(CELL=""CELLCOUPE"",'DONNÉESSOMIDA'!CELL,VLOOKUP(CELL,'DONNÉESSOMIDA'!CELL:CELL,5,FALSE))",108,H59,"=IF(C59=""FP1 COUPE"",'Données SOMIDA'!$G$83,VLOOKUP(E59,'Données SOMIDA'!$C$79:$G$85,5,FALSE))",,,TO_REVIEW
CA,=+CELL*CELL,108,I59,=+G59*H59,,,TO_REVIEW
AN,=-'I&T'!CELL/1000,108,D126,=-'I&T'!D3/1000,,,TO_REVIEW
Commandes,=SUM(CELL:CELL),106,O10,=SUM(C10:N10),,,TO_REVIEW
CA,=SUM(CELL:CELL),103,O4,=SUM(C4:N4),,,TO_REVIEW
Sal,=+FEUIL3!CELL,102,B30,=+Feuil3!B38,,,TO_REVIEW
Sal,=+CELL/CELL,97,R3,=+P3/$P$7,,,TO_REVIEW
Emprunts FD,=+CELL+1,95,B15,=+B14+1,,,TO_REVIEW
Besoins en micas,=+CELL+CELL+CELL,90,C56,=+C53+C48+C55,,,TO_REVIEW
Emprunts FD,"=IF(CELL="""","""",IF(CELL+1>CELL,"""",CELL*CELL))",90,G20,"=IF(A20="" "","" "",IF(A20+1>$D$8,"" "",E20*$E$8))",,,TO_REVIEW
Emprunts FD,"=IF(CELL="""","""",IF(CELL+1>CELL,"""",CELL+1))",89,A21,"=IF(A20="" "","" "",IF(A20+1>$D$8,"" "",A20+1))",,,TO_REVIEW
Stat,=+CELL,88,N3,=+B3,,,TO_REVIEW
BL,"=RIGHT(CELL,3)",87,F5,"=RIGHT(A5,3)",,,TO_REVIEW
AN,=-CELL,86,H6,=-H8,,,TO_REVIEW
AN,=-CELL-CELL,86,C19,=-C13-C18,,,TO_REVIEW
Feuil3,=+ORG!CELL,83,B5,=+Org!AC14,,,TO_REVIEW
CR Nature FD,=+CELL,77,C38,=+C2,,,TO_REVIEW
AMPANDRANDAVA,"=""SOCIETEDESMINESD'AMPANDRANDAVA""",76,V2,"=""SOCIETE DES MINES D'AMPANDRANDAVA""",,,TO_REVIEW
AN,=+CELL-CELL,76,C159,=+C158-C37,,,TO_REVIEW
AMPANDRANDAVA,"=""ESPÈCES""",74,W2,"=""Espèces""",,,TO_REVIEW
AMPANDRANDAVA,"=""""",74,C3,"=""""",,,TO_REVIEW
FORT DAUPHIN,=+CELL/CELL,73,J3,=+J5/D5,,,TO_REVIEW
FORT DAUPHIN,=+CELL*CELL,72,L148,=+J148*K148,,,TO_REVIEW
Stat,"=SUMIF(CELL:CELL,CELL,CELL:CELL)",72,Q4,"=SUMIF($C$4:$F$12,$C$4,$F$4:$F$12)",,,TO_REVIEW
Commandes,"=ROUND((+CELL)*(1+CELL),0)*1000",72,C51,"=ROUND((+C28)*(1+$C$47),0)*1000",,,TO_REVIEW
Prestation,=+CELL*CELL,72,D25,=+$C$25*D12,,,TO_REVIEW
Achat,=SUM(CELL:CELL),70,P4,=SUM(D4:O4),,,TO_REVIEW
Détails Achats direct,=SUM(CELL:CELL),69,P4,=SUM(D4:O4),,,TO_REVIEW
Primes,=+ORG!CELL,67,F16,=+Org!M34,,,TO_REVIEW
CR Nature FD,=+CELL-CELL,66,C26,=+C24-C25,,,TO_REVIEW
Production,=-+'BESOINSENMICAS'!CELL,65,D77,=-+'Besoins en micas'!C113,,,TO_REVIEW
Production,=-SUM(CELL:CELL)*'BESOINSENMICAS'!CELL,65,D82,=-SUM(D76:D81)*'Besoins en micas'!$P$113,,,TO_REVIEW
FORT DAUPHIN,=+CELL*13,64,G141,=+E141*13,,,TO_REVIEW
FORT DAUPHIN,=+CELL*5,64,H141,=+F141*5,,,TO_REVIEW
Données SOMIDA,=+CELL,63,E11,=+E5,,,TO_REVIEW
Feuil3,=SUM(CELL:CELL),62,C12,=SUM(C5:C11),,,TO_REVIEW
Production,"=SUMIF(CELL:CELL,CELL,CELL:CELL)",60,D88,"=SUMIF($B$77:$B$86,$B$77,D77:D86)",,,TO_REVIEW
CA,"=+SUMIF(CELL:CELL,CELL,CELL:CELL)*CELL",60,C45,"=+SUMIF($B$18:$B$31,$B$45,C18:C31)*$C$44",,,TO_REVIEW
Primes,=+CELL*CELL/12,60,E65,=+D65*$E$62/12,,,TO_REVIEW
Sal,=+'BESOINSENMICAS'!CELL,56,B3,=+'Besoins en micas'!B82,,,TO_REVIEW
Primes,=+'BESOINSENMICAS'!CELL,56,C3,=+'Besoins en micas'!B3,,,TO_REVIEW
CA,=+'DONNÉESSOMIDA'!CELL,55,B4,=+'Données SOMIDA'!C96,,,TO_REVIEW
Production,=+CELL/'DONNÉESSOMIDA'!CELL,54,D72,=+D71/'Données SOMIDA'!$E$12,,,TO_REVIEW
Sal,=+CELL+CELL+CELL,52,D195,=+D192+D193+D194,,,TO_REVIEW
Etat_Trésorerie FD,"=SUM(CELL,CELL)",52,D38,"=SUM(D17,D37)",,,TO_REVIEW
AN,=+CELL+CELL+CELL+CELL,52,D39,=+D163+D164+D167+D168,,,TO_REVIEW
Feuil3,=+CELL*1%,51,N5,=+H5*1%,,,TO_REVIEW
CR Nature FD,=+SUM(CELL:CELL),51,O4,=+SUM(C4:N4),,,TO_REVIEW
CR Nature FD,=SUM(CELL:CELL),51,C10,=SUM(C3:C9),,,TO_REVIEW
Etat_Trésorerie FD,=+CELL-AN!CELL,51,D70,=+D69-AN!D219,,,TO_REVIEW
Invest FD,=SUM(CELL:CELL),51,O4,=SUM(C4:N4),,,TO_REVIEW
Détails FF FD,=SUM(CELL:CELL),50,O3,=SUM(C3:N3),,,TO_REVIEW
Production,"=IFERROR(+CELL/CELL,0)",49,D71,"=IFERROR(+D68/D69,0)",,,TO_REVIEW
Besoins en micas,"=+SUMIF(CELL:CELL,CELL,CELL:CELL)*'DONNÉESSOMIDA'!CELL",48,C74,"=+SUMIF($B$44:$B$53,$B$74,C44:C53)*'Données SOMIDA'!$E$71",,,TO_REVIEW
Besoins en micas,"=SUMIF(CELL:CELL,CELL,CELL:CELL)*'DONNÉESSOMIDA'!CELL",48,C113,"=SUMIF($B$44:$B$52,$B$113,C44:C52)*'Données SOMIDA'!$N$71",,,TO_REVIEW
Besoins en micas,"=SUMIF(CELL:CELL,CELL,CELL:CELL)",48,C123,"=SUMIF($B$44:$B$52,$B$113,C44:C52)",,,TO_REVIEW
Org (2),=+CELL,47,N21,=+N19,,,TO_REVIEW
AMPANDRANDAVA,"=""JOURNALIER""",47,U25,"=""JOURNALIER""",,,TO_REVIEW
FORT DAUPHIN,"=SUBTOTAL(9,CELL:CELL)",43,G5,"=SUBTOTAL(9,G7:G135)",,,TO_REVIEW
Org,=+CELL,43,AN31,=+AC14,,,TO_REVIEW
Org (2),=+CELL*13%,43,BB14,=+AM14*13%,,,TO_REVIEW
CR Nature FD,=+CA!CELL,41,B4,=+CA!B18,,,TO_REVIEW
Goodeis,=CELL*CELL,40,B8,=B6*B7,,,TO_REVIEW
Production,=+'DONNÉESSOMIDA'!CELL,39,B3,=+'Données SOMIDA'!C18,,,TO_REVIEW
Production,=+CELL+CELL-CELL,39,D59,=+D47+D51-D55,,,TO_REVIEW
Besoins en micas,=+CELL+CELL-CELL,39,C22,=+C10+C14-C18,,,TO_REVIEW
CR Nature FD,=+PRESTATION!CELL,39,C12,=+Prestation!D71,,,TO_REVIEW
Etat_Trésorerie FD,=+SUM(CELL:CELL),39,D41,=+SUM(D39:D40),,,TO_REVIEW
CR Nature FD,=+ACHAT!CELL,38,C11,=+Achat!D29,,,TO_REVIEW
CR Nature FD,=+'I&T'!CELL,38,C16,=+'I&T'!D12,,,TO_REVIEW
Org (2),=+CELL+CELL+CELL,37,BI34,=+AO34+BC34+BF34,,,TO_REVIEW
CA,"=IFERROR(+CELL/CELL,0)",37,M77,"=IFERROR(+N77/L77,0)",,,TO_REVIEW
I&T,=SUM(CELL:CELL),37,P3,=SUM(D3:O3),,,TO_REVIEW
Stat,"=+VLOOKUP(CELL,#REF!,4,FALSE)",36,R4,"=+VLOOKUP(O4,#REF!,4,FALSE)",,,TO_REVIEW
Commandes,"=ROUND((+CELL)*(1-CELL),0)*1000",36,K51,"=ROUND((+K28)*(1-$C$47),0)*1000",,,TO_REVIEW
Production,=+'DONNÉESSOMIDA'!CELL*1000,36,D3,=+'Données SOMIDA'!$E$18*1000,,,TO_REVIEW
Production,"=+_XLFN.XLOOKUP(CELL,'DONNÉESSOMIDA'!CELL:CELL,'DONNÉESSOMIDA'!CELL:CELL)",36,K139,"=+_xlfn.XLOOKUP(J139,'Données SOMIDA'!$B$18:$B$28,'Données SOMIDA'!$C$18:$C$28)",,,TO_REVIEW
Production,=+PRODUCTION!CELL,36,L139,=+Production!D$9,,,TO_REVIEW
Production,=+PRODUCTION!CELL*PRODUCTION!CELL/PRODUCTION!CELL,36,N139,=+Production!$D$68*Production!D9/Production!$D$12,,,TO_REVIEW
Traitement,"=VLOOKUP(CELL,CELL:CELL,2,FALSE)/1000",36,G20,"=VLOOKUP(E20,$A$20:$B$31,2,FALSE)/1000",,,TO_REVIEW
Traitement,"=IF(CELL=MAX(CELL:CELL),CELL,"""")",36,H20,"=IF(G20=MAX($G$20:$G$31),G20,"""")",,,TO_REVIEW
Traitement,"=+VLOOKUP(CELL,CELL:CELL,2,FALSE)/1000000",36,G66,"=+VLOOKUP(E66,$A$66:$C$77,2,FALSE)/1000000",,,TO_REVIEW
Traitement,"=+VLOOKUP(CELL,CELL:CELL,3,FALSE)/1000000",36,H66,"=+VLOOKUP(E66,$A$66:$C$77,3,FALSE)/1000000",,,TO_REVIEW
Besoins en micas,=+COMMANDES!CELL,36,C37,=+Commandes!C32,,,TO_REVIEW
Sal,=+CELL*CELL*25,36,D20,=+$C$20*$C$10*25,,,TO_REVIEW
Feuil3,=+CELL+CELL,34,H5,=+G5+E5,,,TO_REVIEW
Détails FF FD,=+CELL,34,C9,=+C2,,,TO_REVIEW
Org,=+CELL*13%,33,BB14,=+AM14*13%,,,TO_REVIEW
Feuil3,=+CELL*CELL,33,E5,=+C5*D5,,,TO_REVIEW
Feuil3,=+CELL*0.13,33,J5,=+H5*0.13,,,TO_REVIEW
Feuil3,=+CELL+CELL+CELL,33,K5,=+H5+I5+J5,,,TO_REVIEW
Feuil3,=+CELL-CELL-CELL-CELL,33,O5,=+H5-L5-M5-N5,,,TO_REVIEW
Données SOMIDA,=+CELL*12,30,D18,=+E18*12,,,TO_REVIEW
Org,=+CELL+CELL+CELL,30,BG31,=+AW31+BA31+BD31,,,TO_REVIEW
Org,=+CELL*CELL,29,AM14,=+AG14*AL14,,,TO_REVIEW
Production,=+#REF!,29,D37,=+#REF!,,,TO_REVIEW
Sal,=+CELL+CELL+CELL+CELL,29,C71,=+C70+C66+C60+C46,,,TO_REVIEW
Etat_Trésorerie FD,=+CELL-CELL,28,E85,=+E84-D85,,,TO_REVIEW
Org,"=+IF(CELL=""FO"",""PRIMEDERENDEMENT"",""BASE1MOISSALAIRE"")",27,AU14,"=+IF(AB14=""FO"",""Prime de rendement"",""Base 1 mois salaire"")",,,TO_REVIEW
Org (2),=+CELL*CELL,27,AM14,=+AG14*AL14,,,TO_REVIEW
Détails,=+CELL*CELL,27,C8,=+$B$8*C4,,,TO_REVIEW
Feuil3,=+CELL*0.05,27,I5,=+H5*0.05,,,TO_REVIEW
Achat,=+CELL,27,D31,=+D29,,,TO_REVIEW
CR Nature FD,=+CELL/CELL,27,O37,=+O36/O10,,,TO_REVIEW
Détails,=+CELL+CELL,26,C6,=+C4+C5,,,TO_REVIEW
Production,=+CELL-CELL,26,D14,=+D6-D12,,,TO_REVIEW
Production,=CELL/'DONNÉESSOMIDA'!CELL,26,D102,=D94/'Données SOMIDA'!$E$12,,,TO_REVIEW
Besoins en micas,"=+IFERROR(CELL/CELL,"""")",26,C134,"=+IFERROR(C114/C124,"""")",,,TO_REVIEW
Sal,=-SUM(CELL:CELL),26,D164,=-SUM(D160:D163),,,TO_REVIEW
Prestation,=+ACHAT!CELL,26,D18,=+Achat!D2,,,TO_REVIEW
CR Nature FD,"=IFERROR(+CELL/CELL,"""")",26,C74,"=IFERROR(+C73/C72,"""")",,,TO_REVIEW
Etat_Trésorerie FD,"=SUM(CELL,CELL,CELL,CELL)",26,D37,"=SUM(D35,D31,D27,D22)",,,TO_REVIEW
Etat_Trésorerie FD,=+CELL,26,D71,=+C79,,,TO_REVIEW
Sal,=+CELL*0.18,25,D167,=+D166*0.18,,,TO_REVIEW
Amort,=SUM(CELL:CELL),25,O3,=SUM(C3:N3),,,TO_REVIEW
CR Nature FD,=CELL+CELL,25,C27,=C23+C26,,,TO_REVIEW
Etat_Trésorerie FD,=-(AN!CELL),25,D21,=-(AN!D75),,,TO_REVIEW
AN,=-'CRNATUREFD'!CELL/1000,25,D7,=-'CR Nature FD'!C36/1000,,,TO_REVIEW
AN,=-SUM(CELL:CELL),25,G96,=-SUM(D95:F95),,,TO_REVIEW
AMPANDRANDAVA,"=""PERMANENT""",24,U3,"=""PERMANENT""",,,TO_REVIEW
Production,=+SUM(CA!CELL:CELL)*1000,24,D55,=+SUM(CA!C4:C7)*1000,,,TO_REVIEW
Besoins en micas,=+PRODUCTION!CELL/'DONNÉESSOMIDA'!CELL,24,C3,=+Production!D9/'Données SOMIDA'!$D$58,,,TO_REVIEW
Besoins en micas,=+CELL*(1+CELL),24,C14,=+C3*(1+$C$8),,,TO_REVIEW
Sal,=+CELL*CELL*CELL,24,D15,=+$C$15*D8*$C$10,,,TO_REVIEW
Sal,=-CELL,24,D169,=-D167,,,TO_REVIEW
Primes,"=ROUNDUP(+CELL*CELL,-2)",24,D41,"=ROUNDUP(+D30*D24,-2)",,,TO_REVIEW
Achat,"=IFERROR(-'BESOINSENMICAS'!CELL,"""")",24,D5,"=IFERROR(-'Besoins en micas'!C28,"""")",,,TO_REVIEW
Achat,"=+SUMIF(CELL:CELL,CELL,CELL:CELL)",24,D39,"=+SUMIF($R$4:$R$28,$R$4,D4:D28)",,,TO_REVIEW
Prestation,"=SUMIF(CELL:CELL,CELL,CELL:CELL)",24,D83,"=SUMIF($Q$42:$Q$70,$Q$42,D42:D70)",,,TO_REVIEW
CR Nature FD,=+SUM(CA!CELL:CELL),24,C4,=+SUM(CA!C19:C22),,,TO_REVIEW
CR Nature FD,=+AUTRES!CELL,24,C19,=+Autres!C5,,,TO_REVIEW
CR Nature FD,=+AMORT!CELL,24,C20,=+Amort!C15,,,TO_REVIEW
CR Nature FD,=+'FRAISFINANCIER'!CELL,24,C25,=+'Frais financier'!C3,,,TO_REVIEW
CR Nature FD,=+SAL!CELL+SAL!CELL,24,C46,=+Sal!D184+Sal!D186,,,TO_REVIEW
AN,=+SUM(CELL:CELL),24,D32,=+SUM(D125:D135),,,TO_REVIEW
AN,=CELL,24,E57,=D62,,,TO_REVIEW
AN,=+CA!CELL,24,D179,=+CA!D38,,,TO_REVIEW
Détails FF FD,"=IFERROR(+CELL+CELL,0)",24,C17,"=IFERROR(+C10+C3,0)",,,TO_REVIEW
Feuil1 (2),"=SUBTOTAL(9,CELL:CELL)",22,D1,"=SUBTOTAL(9,D4:D28)",,,TO_REVIEW
Données SOMIDA,=+CELL*25,21,E18,=+F18*25,,,TO_REVIEW
Org (2),=+CELL+CELL,21,BE14,=+AM14+BB14,,,TO_REVIEW
Org (2),=+CELL*5%,20,AB169,=+N169*5%,,,TO_REVIEW
AMPANDRANDAVA,"=""CELL""",20,F2,"=""M1""",,,TO_REVIEW
OKB FP1,=CELL*CELL,19,E16,=B16*C16,,,TO_REVIEW
Invest FD,=+#REF!,19,B4,=+#REF!,,,TO_REVIEW
Org,=+CELL*5%,18,AB63,=+N63*5%,,,TO_REVIEW
 OKB TRA ABR,=CELL*CELL,18,E15,=B15*C15,,,TO_REVIEW
Org (2),=SUM(CELL:CELL),18,N19,=SUM(N15:R18),,,TO_REVIEW
AN,=+'DÉTAILSFFFD'!CELL/1000,18,D60,=+'Détails FF FD'!C3/1000,,,TO_REVIEW
Données SOMIDA,=SUM(CELL:CELL),17,E67,=SUM(E62:E65),,,TO_REVIEW
Org (2),=+CELL*2,17,X220,=+J220*2,,,TO_REVIEW
Feuil3,"=+IF((CELL+CELL)<350000,2000,(CELL+CELL)*0.2)*CELL",17,L5,"=+IF((D5+F5)<350000,2000,(D5+F5)*0.2)*C5",,,TO_REVIEW
CA,=+PRODUCTION!CELL,17,C2,=+Production!D8,,,TO_REVIEW
Données SOMIDA,=+CELL*(1+CELL)^CELL,16,F11,=+$E$11*(1+$D$10)^F10,,,TO_REVIEW
AMPANDRANDAVA,"=""MANUTENTIONNAIRE""",16,D34,"=""MANUTENTIONNAIRE""",,,TO_REVIEW
Feuil3,"=+IF((CELL+CELL)<350000,2000,(CELL+CELL)*0.2)",16,L38,"=+IF((D38+F38)<350000,2000,(D38+F38)*0.2)",,,TO_REVIEW
Primes,=+CELL*CELL*CELL*1000,16,G16,=+D16*F16*$G$15*1000,,,TO_REVIEW
FORT DAUPHIN,=SUM(CELL:CELL),15,G138,=SUM(G7:G135),,,TO_REVIEW
Org,=SUM(CELL:CELL),15,N19,=SUM(N15:R18),,,TO_REVIEW
Détails,=+CELL*4,15,D25,=+C25*4,,,TO_REVIEW
Autres,=SUM(CELL:CELL),15,O3,=SUM(C3:N3),,,TO_REVIEW
BL,"=+SUBTOTAL(9,CELL:CELL)",14,H3,"=+SUBTOTAL(9,H5:H201)",,,TO_REVIEW
Stat,=+CELL/CELL,14,AD4,=+AC4/Y4,,,TO_REVIEW
Org,=+CELL+CELL,14,BE14,=+AM14+BB14,,,TO_REVIEW
Recap coupeuses FD,=SUM(CELL:CELL),14,B11,=SUM(B8:B10),,,TO_REVIEW
AMPANDRANDAVA,=SUM(CELL:CELL),14,G78,=SUM(G2:G77),,,TO_REVIEW
Primes,=+FEUIL3!CELL,14,D65,=+Feuil3!E9,,,TO_REVIEW
Achat,=+PRESTATION!CELL,14,D43,=+Prestation!D82,,,TO_REVIEW
Prestation,=+CELL+CELL,14,D12,=+D11+D8,,,TO_REVIEW
Frais financier,=SUM(CELL:CELL),14,O3,=SUM(C3:N3),,,TO_REVIEW
Etat_Trésorerie FD,=CELL+CELL,14,C81,=C80+C79,,,TO_REVIEW
Données SOMIDA,=+CELL*CELL,13,L48,=+L53*L54,,,TO_REVIEW
Détails,=SUM(CELL:CELL),13,B28,=SUM(B25:B27),,,TO_REVIEW
Commandes,=SUM(CELL),13,C25,=SUM(C24),,,TO_REVIEW
Commandes,=+CELL+CELL+CELL,13,C45,=+C32+C39+C43,,,TO_REVIEW
Production,=(1-+CELL/CELL),13,D15,=(1-+D14/D6),,,TO_REVIEW
Production,=+CELL*CELL,13,C64,=+C62*$P$71,,,TO_REVIEW
Production,=+SUM(CELL:CELL)/(CELL+CELL),13,D94,=+SUM(D88:D91)/(D55+D56),,,TO_REVIEW
Production,=CELL,13,D95,=D94,,,TO_REVIEW
Production,"=IFERROR(+CELL/CELL,"""")",13,D96,"=IFERROR(+D92/D57,"""")",,,TO_REVIEW
Production,"=IFERROR(+CELL/'DONNÉESSOMIDA'!CELL,"""")",13,D100,"=IFERROR(+D96/'Données SOMIDA'!$E$11,"""")",,,TO_REVIEW
Production,"=IFERROR(CELL/'DONNÉESSOMIDA'!CELL,"""")",13,D104,"=IFERROR(D96/'Données SOMIDA'!$E$12,"""")",,,TO_REVIEW
Besoins en micas,"=IFERROR(+CELL*CELL,"""")",13,C27,"=IFERROR(+C25*$O$91,"""")",,,TO_REVIEW
Besoins en micas,=+CELL+CELL+CELL+CELL,13,C83,=+C61+C66+C75+C70,,,TO_REVIEW
Besoins en micas,=+SUM(CELL:CELL),13,C86,=+SUM(C87:C90),,,TO_REVIEW
CA,=+SUM(CELL:CELL)*0.2,13,C33,=+SUM(C30:C31)*0.2,,,TO_REVIEW
CA,"=IFERROR(+SUM(CELL:CELL)/CELL,0)",13,C53,"=IFERROR(+SUM(C19:C28)/C15,0)",,,TO_REVIEW
Sal,=+CELL*1%,13,D25,=+D24*1%,,,TO_REVIEW
Sal,"=SUMIF(CELL:CELL,""F"",CELL:CELL)",13,D183,"=SUMIF($Q$24:$Q$157,""F"",D24:D157)",,,TO_REVIEW
Sal,"=SUMIF(CELL:CELL,""V"",CELL:CELL)",13,D184,"=SUMIF($Q$24:$Q$157,""V"",D24:D157)",,,TO_REVIEW
Primes,=+COMMANDES!CELL,13,D2,=+Commandes!C9,,,TO_REVIEW
Achat,=+ACHAT!CELL,13,B45,=+Achat!B35,,,TO_REVIEW
Achat,=+CELL+CELL+CELL+CELL,13,D48,=+D44+D45+D46+D47,,,TO_REVIEW
Prestation,=+CELL+CELL+CELL+CELL,13,D127,=+D123+D124+D125+D126,,,TO_REVIEW
I&T,=+PRESTATION!CELL,13,D2,=+Prestation!D18,,,TO_REVIEW
I&T,=+CELL,13,D14,=+D2,,,TO_REVIEW
Autres,=+PRESTATION!CELL,13,C2,=+Prestation!D18,,,TO_REVIEW
Amort,=+PRESTATION!CELL,13,C2,=+Prestation!D18,,,TO_REVIEW
Frais financier,=+PRESTATION!CELL,13,C2,=+Prestation!D18,,,TO_REVIEW
CR Nature FD,=CELL-CELL,13,C14,=C10-C13,,,TO_REVIEW
CR Nature FD,"=IF(CELL>0,-(+CELL/CELL*CELL),"""")",13,C63,"=IF(C62>0,-(+C41/C39*C62),"""")",,,TO_REVIEW
CR Nature FD,"=IF(CELL>0,-CELL,"""")",13,C64,"=IF(C62>0,-C50,"""")",,,TO_REVIEW
CR Nature FD,"=IF(CELL>0,SUM(CELL:CELL),"""")",13,C65,"=IF(C62>0,SUM(C62:C64),"""")",,,TO_REVIEW
CR Nature FD,"=IFERROR((+CELL-CELL-CELL)/CA!CELL,"""")",13,C66,"=IFERROR((+C62-C7-C8)/CA!C53,"""")",,,TO_REVIEW
CR Nature FD,"=IFERROR(+CELL-CELL,"""")",13,C77,"=IFERROR(+C76-C74,"""")",,,TO_REVIEW
Invest FD,=+PRODUCTION!CELL,13,C2,=+Production!D18,,,TO_REVIEW
AN,"=+IF(CELL>0,CELL,0)",13,C248,"=+IF(C47>0,C47,0)",,,TO_REVIEW
AN,"=+IF(CELL<0,-CELL,0)",13,C277,"=+IF(C49<0,-C49,0)",,,TO_REVIEW
Stat,"=+SUMIF(CELL:CELL,CELL,CELL:CELL)",12,AB4,"=+SUMIF(P4:T39,X4,T4:T39)",,,TO_REVIEW
Commandes,=+'BESOINSENMICAS'!CELL,12,C9,=+'Besoins en micas'!C2,,,TO_REVIEW
Production,=+(CELL+CELL)*1000,12,D1,=+(D9+D10)*1000,,,TO_REVIEW
Production,=+CA!CELL*1000,12,D57,=+CA!C14*1000,,,TO_REVIEW
Production,=+'CRNATUREFD'!CELL+'CRNATUREFD'!CELL,12,D68,=+'CR Nature FD'!C41+'CR Nature FD'!C50,,,TO_REVIEW
Traitement,"=+HLOOKUP(CELL,CELL:CELL,2,FALSE)",12,B121,"=+HLOOKUP($B$119,$B$112:$M$116,2,FALSE)",,,TO_REVIEW
Traitement,"=+HLOOKUP(CELL,CELL:CELL,3,FALSE)",12,B122,"=+HLOOKUP(B119,$B$112:$M$116,3,FALSE)",,,TO_REVIEW
Traitement,"=+HLOOKUP(CELL,CELL:CELL,4,FALSE)",12,B123,"=+HLOOKUP(B119,$B$112:$M$116,4,FALSE)",,,TO_REVIEW
Traitement,"=+HLOOKUP(CELL,CELL:CELL,5,FALSE)",12,B124,"=+HLOOKUP(B119,$B$112:$M$116,5,FALSE)",,,TO_REVIEW
Besoins en micas,=+PRODUCTION!CELL*100/80,12,C5,=+Production!D11*100/80,,,TO_REVIEW
Besoins en micas,=+CELL*(1-CELL),12,K14,=+K3*(1-$C$8),,,TO_REVIEW
Besoins en micas,"=IFERROR((-CELL+CELL),"""")",12,D28,"=IFERROR((-C27+D27),"""")",,,TO_REVIEW
Besoins en micas,=CELL*'DONNÉESSOMIDA'!CELL,12,C33,=C5*'Données SOMIDA'!$D$58,,,TO_REVIEW
Besoins en micas,=(+CELL)*'DONNÉESSOMIDA'!CELL,12,C61,=(+C45)*'Données SOMIDA'!$G$72,,,TO_REVIEW
Besoins en micas,"=IFERROR(+#REF!/#REF!,"""")",12,C96,"=IFERROR(+#REF!/#REF!,"" "")",,,TO_REVIEW
Feuil3,=+CELL/12,12,F10,=+D10/12,,,TO_REVIEW
CA,=+CELL/1000,12,D38,=+C34/1000,,,TO_REVIEW
Sal,=+CELL*CELL*CELL/2,12,D18,=+$C$18*$C$10*D8/2,,,TO_REVIEW
Sal,=-CELL*1%,12,D162,=-D160*1%,,,TO_REVIEW
Sal,=-CELL*2000,12,D163,=-$C$164*2000,,,TO_REVIEW
Sal,=-CELL/8,12,D168,=-D167/8,,,TO_REVIEW
Sal,=-CELL*18%,12,D170,=-D166*18%,,,TO_REVIEW
Sal,=CELL+CELL,12,D181,=D164+D171,,,TO_REVIEW
Sal,=(+CELL-CELL)*18%+CELL,12,D186,=(+D184-D24)*18%+D25,,,TO_REVIEW
Détails Achats direct,=+CELL+CELL+CELL,12,D15,=+D13+D8+D14,,,TO_REVIEW
Détails Achats direct,=+SUM(PRODUCTION!CELL:CELL),12,D22,=+SUM(Production!D9:D11),,,TO_REVIEW
Détails Achats direct,=+CELL/50,12,D24,=+D22/50,,,TO_REVIEW
Détails Achats direct,=((+PRODUCTION!CELL+PRODUCTION!CELL+PRODUCTION!CELL+PRODUCTION!CELL))/50,12,D25,=((+Production!D19+Production!D20+Production!D26+Production!D27))/50,,,TO_REVIEW
Détails Achats direct,=+CELL*CELL+CELL*CELL,12,D26,=+D24*$D$18+D25*$D$19,,,TO_REVIEW
Détails Achats direct,=+CELL*0.1,12,D32,=+D31*0.1,,,TO_REVIEW
Primes,"=ROUNDDOWN(+CELL*CELL,-2)",12,D35,"=ROUNDDOWN(+D29*D23,-2)",,,TO_REVIEW
Primes,=+CELL*CELL+CELL+CELL,12,D48,=+D47*$B$48+D42+D36,,,TO_REVIEW
Achat,=+SUM(CELL:CELL)*5%,12,D28,=+SUM(D4:D27)*5%,,,TO_REVIEW
Achat,=+CELL*0.2,12,D34,=+D31*0.2,,,TO_REVIEW
Achat,=+CELL*0.05,12,D37,=+D33*0.05,,,TO_REVIEW
Achat,=CELL,12,D44,=C48,,,TO_REVIEW
Achat,=-CELL,12,D47,=-D45,,,TO_REVIEW
Prestation,=(+CA!CELL+CA!CELL)/20,12,D4,=(+CA!C4+CA!C9)/20,,,TO_REVIEW
Prestation,=(+CA!CELL+CA!CELL)/17.8,12,D5,=(+CA!C5+CA!C10)/17.8,,,TO_REVIEW
Prestation,=(+CA!CELL+CA!CELL)/25.2,12,D6,=(+CA!C7+CA!C12)/25.2,,,TO_REVIEW
Prestation,=+CA!CELL/20,12,D7,=+CA!C14/20,,,TO_REVIEW
Prestation,=(+CA!CELL+CA!CELL)/28,12,D10,=(+CA!C6+CA!C11)/28,,,TO_REVIEW
Prestation,=+COMMANDES!CELL+COMMANDES!CELL+COMMANDES!CELL,12,D19,=+Commandes!C14+Commandes!C21+Commandes!C25,,,TO_REVIEW
Prestation,=+CA!CELL*CELL,12,D23,=+CA!C15*$C$15,,,TO_REVIEW
Prestation,=+(PRODUCTION!CELL+PRODUCTION!CELL)*CELL,12,D35,=+(Production!D9+Production!D10)*$C$32,,,TO_REVIEW
Prestation,=+CELL*CELL*28*1000,12,D36,=+$C$33*D7*28*1000,,,TO_REVIEW
Prestation,=(+CA!CELL+CA!CELL)*1000*CELL,12,D39,=(+CA!C6+CA!C11)*1000*$C$34,,,TO_REVIEW
Prestation,=+'BESOINSENMICAS'!CELL,12,D57,=+'Besoins en micas'!C78,,,TO_REVIEW
Prestation,=(+CELL)*4,12,D61,=(+D63)*4,,,TO_REVIEW
Prestation,=SUM(CELL:CELL)*5%,12,D70,=SUM(D42:D69)*5%,,,TO_REVIEW
Prestation,=+CELL*0.2,12,D78,=+D75*0.2,,,TO_REVIEW
Prestation,=+CELL*0.05,12,D81,=+D76*0.05,,,TO_REVIEW
Prestation,=-CELL,12,D125,=-D124,,,TO_REVIEW
I&T,=+(COMMANDES!CELL+COMMANDES!CELL+COMMANDES!CELL)*'OKBTRAABR'!CELL,12,D3,=+(Commandes!C14+Commandes!C21+Commandes!C25)*' OKB TRA ABR'!$B$22,,,TO_REVIEW
I&T,=+CA!CELL,12,D5,=+CA!C50,,,TO_REVIEW
I&T,=+ACHAT!CELL+PRESTATION!CELL,12,D11,=+Achat!D37+Prestation!D81,,,TO_REVIEW
I&T,"=SUMIF(CELL:CELL,""F"",CELL:CELL)",12,D15,"=SUMIF($Q$3:$Q$10,""F"",D3:D10)",,,TO_REVIEW
I&T,"=SUMIF(CELL:CELL,""V"",CELL:CELL)",12,D16,"=SUMIF($Q$3:$Q$10,""V"",D3:D10)",,,TO_REVIEW
Frais financier,=+'DÉTAILSFFFD'!CELL,12,C3,=+'Détails FF FD'!C3,,,TO_REVIEW
CR Nature FD,"=IFERROR(+PRODUCTION!CELL,"""")",12,C9,"=IFERROR(+Production!D65,"""")",,,TO_REVIEW
CR Nature FD,=+SAL!CELL,12,C15,=+Sal!D174,,,TO_REVIEW
CR Nature FD,=CELL-CELL-CELL,12,C17,=C14-C15-C16,,,TO_REVIEW
CR Nature FD,=CELL+CELL-CELL-CELL+CELL,12,C23,=C17+C18-C19-C20+C22,,,TO_REVIEW
CR Nature FD,=CELL+CELL+CELL+CELL,12,C30,=C10+C18+C22+C24,,,TO_REVIEW
CR Nature FD,=CELL+CELL+CELL+CELL+CELL+CELL+CELL+CELL,12,C31,=C13+C15+C16+C19+C20+C25+C28+C29,,,TO_REVIEW
CR Nature FD,=+COMMANDES!CELL,12,C72,=+Commandes!C2,,,TO_REVIEW
Etat_Trésorerie FD,=-(+AN!CELL+AN!CELL)*0.6-(AN!CELL+AN!CELL),12,D18,=-(+AN!D67+AN!D68)*0.6-(AN!D81+AN!D82),,,TO_REVIEW
Etat_Trésorerie FD,=-(+AN!CELL+AN!CELL)*0.4,12,D19,=-(+AN!D67+AN!D68)*0.4,,,TO_REVIEW
Etat_Trésorerie FD,=-+AN!CELL,12,D40,=-+AN!D148,,,TO_REVIEW
Etat_Trésorerie FD,=-'DÉTAILSFFFD'!CELL/1000,12,D49,=-'Détails FF FD'!C3/1000,,,TO_REVIEW
Etat_Trésorerie FD,=-AN!CELL+AN!CELL,12,D64,=-AN!D115+AN!D185,,,TO_REVIEW
Etat_Trésorerie FD,=CELL+CELL+CELL+CELL+CELL-SUM(CELL:CELL),12,D79,=D71+D17+D41+D48+D59-SUM(D74:D77),,,TO_REVIEW
Etat_Trésorerie FD,"=CELL+SUM(CELL:CELL)+SUM(CELL,CELL,CELL,CELL)",12,D80,"=D72+SUM(D74:D77)+SUM(D67,D44,D37,D53)",,,TO_REVIEW
AN,=-ACHAT!CELL/1000,12,D66,=-Achat!D35/1000,,,TO_REVIEW
AN,=-PRESTATION!CELL/1000,12,D80,=-Prestation!D79/1000,,,TO_REVIEW
AN,=SAL!CELL/1000,12,D89,=Sal!D181/1000,,,TO_REVIEW
AN,=(SAL!CELL+SAL!CELL)/1000,12,D95,=(Sal!D178+Sal!D179)/1000,,,TO_REVIEW
AN,=+SAL!CELL/1000,12,D107,=+Sal!D180/1000,,,TO_REVIEW
AN,=-CA!CELL/1000,12,D120,=-CA!C33/1000,,,TO_REVIEW
AN,=-AUTRES!CELL/1000,12,D154,=-Autres!C5/1000,,,TO_REVIEW
AN,=+CELL+CELL+CELL+CELL+CELL+CELL+CELL+CELL+CELL+CELL+CELL+CELL+CELL+CELL+CELL+CELL+CELL+CELL+CELL+CELL+CELL+CELL+CELL+CELL+CELL+CELL+CELL+CELL+CELL+CELL+CELL+CELL+CELL+CELL+CELL+CELL+CELL+CELL+CELL+CELL,12,D158,=+D155+D154+D149+D148+D147+D142+D141+D140+D135+D134+D133+D132+D131+D130+D129+D128+D126+D115+D114+D113+D108+D107+D102+D101+D96+D95+D90+D89+D85+D82+D81+D80+D75+D74+D73+D68+D67+D66+D120+D121,,,TO_REVIEW
AN,=+PRODUCTION!CELL*PRODUCTION!CELL/1000,12,D163,=+Production!D54*Production!$P$71/1000,,,TO_REVIEW
AN,=-PRODUCTION!CELL*PRODUCTION!CELL/1000,12,D164,=-Production!D58*Production!$P$71/1000,,,TO_REVIEW
AN,=-'BESOINSENMICAS'!CELL*'BESOINSENMICAS'!CELL/1000,12,D167,=-'Besoins en micas'!C17*'Besoins en micas'!$O$91/1000,,,TO_REVIEW
AN,=+'BESOINSENMICAS'!CELL*'BESOINSENMICAS'!CELL/1000,12,D168,=+'Besoins en micas'!C21*'Besoins en micas'!$O$91/1000,,,TO_REVIEW
AN,=ACHAT!CELL/1000+PRESTATION!CELL/1000,12,D191,=Achat!D34/1000+Prestation!D78/1000,,,TO_REVIEW
AN,=+CELL+CELL+CELL+CELL+CELL+CELL+CELL+CELL+CELL+CELL+CELL+CELL+CELL+CELL+CELL+CELL+CELL+CELL,12,D215,=+D212+D211+D207+D204+D203+D198+D197+D192+D191+D186+D185+D180+D179+D174+D164+D163+D167+D168,,,TO_REVIEW
AN,=-'DÉTAILSFFFD'!CELL/1000,12,D223,=-'Détails FF FD'!C3/1000,,,TO_REVIEW
AN,=-CELL-CELL-CELL-CELL-CELL-CELL,12,D227,=-D58-D180-D198-D212-D204-D148,,,TO_REVIEW
AN,=-(+CELL+CELL+CELL+CELL+CELL+CELL+CELL+CELL+CELL+CELL+CELL+CELL+CELL+CELL+CELL)+CELL-CELL-CELL,12,D228,=-(+D67+D68+D74+D75+D81+D82+D90+D96+D102+D108+D115+D135+D142+D149+D155)+D223-D61-D60,,,TO_REVIEW
AN,=(+CELL-CELL),12,D261,=(+C261-D12),,,TO_REVIEW
Emprunts FD,=+CELL,12,E3,=+B8,,,TO_REVIEW
Détails FF FD,=+CELL+CELL,12,C19,=+C12+C5,,,TO_REVIEW
FORT DAUPHIN,=+CELL,11,E139,=+E5,,,TO_REVIEW
Stat,=SUM(CELL:CELL),11,Y16,=SUM(Y4:Y15),,,TO_REVIEW
Commandes,=+'DONNÉESSOMIDA'!CELL,11,B9,=+'Données SOMIDA'!C31,,,TO_REVIEW
Feuil3,=+CELL+CELL+CELL+CELL+CELL,11,C57,=+C54+C27+C20+C12+C33,,,TO_REVIEW
Détails Achats direct,=430000*3,11,D31,=430000*3,,,TO_REVIEW
Données SOMIDA,=+(CELL+CELL)/CELL,10,D109,=+(D89+D90)/$D$58,,,TO_REVIEW
Org,=+CELL*25,10,AA100,=+N100*25,,,TO_REVIEW
OKB FP1,=CELL,10,B7,=$B$3,,,TO_REVIEW
AMPANDRANDAVA,"=""GARDIEN""",10,D22,"=""GARDIEN""",,,TO_REVIEW
Primes,=+'DONNÉESSOMIDA'!CELL,10,B8,=+'Données SOMIDA'!D62,,,TO_REVIEW
Prestation,=CELL*CELL,10,G90,=D90*E90,,,TO_REVIEW
AN,=-'INVESTFD'!CELL/1000,10,D73,=-'Invest FD'!C10/1000,,,TO_REVIEW
FORT DAUPHIN,"=""""",9,A138,"=""""",,,TO_REVIEW
Feuil1,=+CELL/1.2,9,D4,=+C4/1.2,,,TO_REVIEW
Feuil1,=+CELL*0.2,9,E4,=+D4*0.2,,,TO_REVIEW
Feuil1,=+CELL+CELL,9,F4,=+D4+E4,,,TO_REVIEW
Feuil1,=+CELL,9,H4,=+D4,,,TO_REVIEW
Feuil1,=+CELL-CELL,9,I4,=+K4-J4,,,TO_REVIEW
Feuil1,"=ROUNDUP(+CELL*CELL,0)",9,J4,"=ROUNDUP(+E4*G4,0)",,,TO_REVIEW
Feuil1,=+CELL+CELL-CELL,9,L4,=+I4+J4-K4,,,TO_REVIEW
AN,=+'I&T'!CELL,9,B126,=+'I&T'!B3,,,TO_REVIEW
Goodeis,=CELL+CELL,8,L51,=E23+L40,,,TO_REVIEW
AMPANDRANDAVA,"=""AGENTDESECURITE""",8,D3,"=""AGENT DE SECURITE""",,,TO_REVIEW
Primes,=+SAL!CELL,8,B59,=+Sal!A47,,,TO_REVIEW
Données SOMIDA,=+CELL+CELL,7,N71,=+E71+G71,,,TO_REVIEW
Stat,=+CELL-CELL,7,F113,=+F112-Q40,,,TO_REVIEW
 OKB TRA ABR,=CELL,7,B21,=$B$9,,,TO_REVIEW
Goodeis,=CELL,7,C29,=$B$6,,,TO_REVIEW
Org (2),=+CELL*25,7,N217,=+N215*25,,,TO_REVIEW
Détails,=+CELL*5,7,C25,=+B25*5,,,TO_REVIEW
Besoins en micas,=+'DONNÉESSOMIDA'!CELL,7,B3,=+'Données SOMIDA'!C31,,,TO_REVIEW
Besoins en micas,=+CELL/CELL,7,P34,=+O34/O6,,,TO_REVIEW
Sal,=-CELL-CELL,7,D194,=-D192-D193,,,TO_REVIEW
Données SOMIDA,"=+IF(CELL=""EUR"",CELL,CELL)*CELL",6,G79,"=+IF(E79=""EUR"",$E$6,$E$5)*D79",,,TO_REVIEW
Org,=+CELL*(1+CELL),6,L133,=+$K$133*(1+L122),,,TO_REVIEW
Org (2),=+CELL*(1+CELL),6,L241,=+$K$241*(1+L230),,,TO_REVIEW
Traitement,=SUM(CELL:CELL),6,C1,=SUM(B2:B4),,,TO_REVIEW
Feuil3,=+CELL*0.05*0,6,I23,=+H23*0.05*0,,,TO_REVIEW
CA,=-CELL*0.9,6,E39,=-E38*0.9,,,TO_REVIEW
Prestation,=CELL,6,D90,=$B$9,,,TO_REVIEW
Invest FD,=+CELL*0.1/12,6,C14,=+C4*0.1/12,,,TO_REVIEW
Feuil1,=SUM(CELL:CELL),6,C13,=SUM(C4:C12),,,TO_REVIEW
Emprunts FD,=+CELL+CELL,6,B8,=+C8+D8,,,TO_REVIEW
Emprunts FD,=+CELL*CELL,6,G14,=+E14*$E$8,,,TO_REVIEW
 OKB TRA ABR,=SUM(CELL:CELL),5,E17,=SUM(E15:E16),,,TO_REVIEW
OKB FP1,=SUM(CELL:CELL),5,E19,=SUM(E16:E18),,,TO_REVIEW
Goodeis,=SUM(CELL:CELL),5,E23,=SUM(E19:E22),,,TO_REVIEW
Org (2),"=+SUMIF(CELL:CELL,CELL,CELL:CELL)",5,AM23,"=+SUMIF($AU$14:$AU$20,$AU$17,AM14:AQ20)",,,TO_REVIEW
AMPANDRANDAVA,"=""TEMPORAIRE""",5,U2,"=""TEMPORAIRE""",,,TO_REVIEW
Détails,=+CELL,5,G62,=+C25,,,TO_REVIEW
Production,=+'BESOINSENMICAS'!CELL,5,B77,=+'Besoins en micas'!B113,,,TO_REVIEW
Feuil3,=+SAL!CELL,5,P70,=+Sal!P176,,,TO_REVIEW
Sal,=-CELL-CELL*0.6,5,F194,=-F193-F192*0.6,,,TO_REVIEW
Prestation,=+CELL/CELL,5,Q28,=+P28/C28,,,TO_REVIEW
AN,=-CELL-CELL*0.6,5,F90,=-F89-F88*0.6,,,TO_REVIEW
FORT DAUPHIN,"=SUBTOTAL(9,CELL)",4,G198,"=SUBTOTAL(9,G197)",,,TO_REVIEW
Données SOMIDA,"=ROUND(+CELL*CELL,0)",4,L18,"=ROUND(+L48*G18,0)",,,TO_REVIEW
Données SOMIDA,=+CELL/28,4,M18,=+K18/28,,,TO_REVIEW
Données SOMIDA,=+CELL/25,4,F20,=+E20/25,,,TO_REVIEW
Données SOMIDA,=+CELL/CELL,4,F54,=+F48/F53,,,TO_REVIEW
Org (2),=+CELL*0.13,4,AQ43,=+AM43*0.13,,,TO_REVIEW
Org (2),=+CELL*0.5,4,AT43,=+AM43*0.5,,,TO_REVIEW
AMPANDRANDAVA,"=""TREUILLISTE""",4,D25,"=""TREUILLISTE""",,,TO_REVIEW
Commande à honorer,=SUM(CELL:CELL),4,E17,=SUM(E3:E16),,,TO_REVIEW
Commandes,=+CELL*1000/50,4,E4,=+C4*1000/50,,,TO_REVIEW
Production,=+CELL/CELL,4,R3,=+P3/$P$6,,,TO_REVIEW
Traitement,=+CELL,4,A121,=+A113,,,TO_REVIEW
Besoins en micas,"=+SUBTOTAL(9,CELL:CELL)",4,F140,"=+SUBTOTAL(9,F142:F249)",,,TO_REVIEW
CA,=-CELL*1.1,4,G39,=-G38*1.1,,,TO_REVIEW
CA,"=+SUBTOTAL(9,CELL:CELL)",4,G57,"=+SUBTOTAL(9,G59:G166)",,,TO_REVIEW
CA,"=IFERROR(+CELL/CELL,"""")",4,H167,"=IFERROR(+I167/G167,"""")",,,TO_REVIEW
Primes,=2.5*25,4,D16,=2.5*25,,,TO_REVIEW
Prestation,=+PRODUCTION!CELL,4,B4,=+Production!B26,,,TO_REVIEW
Prestation,=+CELL/4500,4,S30,=+S29/4500,,,TO_REVIEW
Amort,"=""DOT.AMORT""&""""&'INVESTFD'!CELL",4,B5,"=""DOT.AMORT""& "" ""&  'Invest FD'!B4",,,TO_REVIEW
Etat_Trésorerie FD,=CELL,4,P71,=O71,,,TO_REVIEW
Données SOMIDA,=+CELL-CELL,3,F19,=+F48-F18,,,TO_REVIEW
Org,=+CELL*0.13,3,BA31,=+AW31*0.13,,,TO_REVIEW
Org,=+CELL*0.5,3,BD31,=+AW31*0.5,,,TO_REVIEW
Org,"=+SUMIF(CELL:CELL,CELL,CELL:CELL)",3,F81,"=+SUMIF(W63:W78,W66,F63:I78)",,,TO_REVIEW
Recap coupeuses FD,=CELL*2000,3,N8,=B8*2000,,,TO_REVIEW
Recap coupeuses FD,=CELL-CELL,3,O8,=M8-N8,,,TO_REVIEW
AMPANDRANDAVA,"=""HC""",3,F7,"=""HC""",,,TO_REVIEW
AMPANDRANDAVA,"=""OLIVIER""",3,C8,"=""Olivier""",,,TO_REVIEW
AMPANDRANDAVA,"=""CHEFDEPOSTE""",3,D10,"=""CHEF DE POSTE""",,,TO_REVIEW
AMPANDRANDAVA,"=""MAKA""",3,B12,"=""MAKA""",,,TO_REVIEW
AMPANDRANDAVA,"=""OUVRIERCELL""",3,D47,"=""Ouvrier IRF1""",,,TO_REVIEW
AMPANDRANDAVA,"=""OUVRIERBENNE""",3,D49,"=""Ouvrier Benne""",,,TO_REVIEW
Recap coupeuses Ampandra,=+CELL/CELL,3,N6,=+J6/A6,,,TO_REVIEW
Détails,=+CELL*6,3,F62,=+E62*6,,,TO_REVIEW
Détails,=+CELL*0.25,3,C97,=+B97*0.25,,,TO_REVIEW
Production,=+CELL/(CELL+CELL),3,R23,=+P23/(P23+P30),,,TO_REVIEW
Production,=+CELL*25,3,D39,=+C39*25,,,TO_REVIEW
CA,=AVERAGE(CELL:CELL),3,Q53,=AVERAGE(C53:N53),,,TO_REVIEW
Primes,=+CELL+CELL,3,I20,=+H20+G20,,,TO_REVIEW
Emprunts FD,=+SUM(CELL:CELL),3,F110,=+SUM(F14:F109),,,TO_REVIEW
FORT DAUPHIN,=+CELL+CELL,2,C247,=+C246+L246,,,TO_REVIEW
FORT DAUPHIN,=+CELL/2,2,G247,=+G246/2,,,TO_REVIEW
Données SOMIDA,"=ROUND(+CELL*CELL,1)",2,F18,"=ROUND(+G18*F48,1)",,,TO_REVIEW
Données SOMIDA,=+'DÉTAILSACHATSDIRECT'!CELL,2,C41,=+'Détails Achats direct'!C18,,,TO_REVIEW
Données SOMIDA,=+PRODUCTION!CELL,2,G49,=+Production!R23,,,TO_REVIEW
Données SOMIDA,=+COMMANDES!CELL,2,C79,=+Commandes!B28,,,TO_REVIEW
Données SOMIDA,=+SUM(CELL:CELL),2,R96,=+SUM(P96:P99),,,TO_REVIEW
Org,=1*0,2,M69,=1*0,,,TO_REVIEW
 OKB TRA ABR,=CELL+CELL,2,E44,=E17+E31,,,TO_REVIEW
OKB FP1,=+CELL/1.2,2,B46,=+B37/1.2,,,TO_REVIEW
OKB FP1,=CELL+CELL,2,E46,=E19+E33,,,TO_REVIEW
Goodeis,=CELL-CELL,2,D7,=B7-C7,,,TO_REVIEW
Goodeis,=CELL*1000,2,C19,=$B$2*1000,,,TO_REVIEW
Goodeis,=CELL/3,2,E57,=E50/3,,,TO_REVIEW
Recap coupeuses FD,='RECAPCOUPEUSESFD'!CELL,2,M9,='Recap coupeuses FD'!D9,,,TO_REVIEW
AMPANDRANDAVA,"=""MOSA""",2,C2,"=""Mosa""",,,TO_REVIEW
AMPANDRANDAVA,"=""TEMPCENTRALE""",2,D2,"=""TEMP CENTRALE""",,,TO_REVIEW
AMPANDRANDAVA,"=""4A""",2,F3,"=""4A""",,,TO_REVIEW
AMPANDRANDAVA,"=""3A""",2,F10,"=""3A""",,,TO_REVIEW
AMPANDRANDAVA,"=""VIREMENT""",2,W10,"=""Virement""",,,TO_REVIEW
AMPANDRANDAVA,"=""LAHA""",2,B11,"=""LAHA""",,,TO_REVIEW
AMPANDRANDAVA,"=""GILBERT""",2,C12,"=""Gilbert""",,,TO_REVIEW
AMPANDRANDAVA,"=""AIDEMECANICIEN""",2,D12,"=""AIDE MECANICIEN""",,,TO_REVIEW
AMPANDRANDAVA,"=""CELLA""",2,F15,"=""OP2A""",,,TO_REVIEW
AMPANDRANDAVA,"=""MANOLOSOA""",2,B19,"=""MANOLOSOA""",,,TO_REVIEW
AMPANDRANDAVA,"=""MACHINISTE""",2,D19,"=""MACHINISTE""",,,TO_REVIEW
AMPANDRANDAVA,"=""AIDEMACHINISTE""",2,D20,"=""AIDE MACHINISTE""",,,TO_REVIEW
AMPANDRANDAVA,"=""MONJA""",2,B40,"=""MONJA""",,,TO_REVIEW
Commande à honorer,"=SUMIF(CELL:CELL,""TRA"",CELL:CELL)",2,E19,"=SUMIF(D3:D16,""TRA"",E3:E16)",,,TO_REVIEW
Commande à honorer,"=SUMIF(CELL:CELL,""ABR"",CELL:CELL)",2,E20,"=SUMIF(D3:D16,""ABR"",E3:E16)",,,TO_REVIEW
Commande à honorer,"=SUMIF(CELL:CELL,""CELL"",CELL:CELL)",2,E21,"=SUMIF(D3:D16,""FP1"",E3:E16)",,,TO_REVIEW
Commande à honorer,"=SUMIF(CELL:CELL,""SFP"",CELL:CELL)",2,E22,"=SUMIF(D3:D16,""S FP"",E3:E16)",,,TO_REVIEW
Détails,=+CELL*2,2,J36,=+I36*2,,,TO_REVIEW
Détails,=+CELL*0.7,2,D44,=+C44*0.7,,,TO_REVIEW
Détails,=+CELL*0.45,2,C86,=+C85*0.45,,,TO_REVIEW
Détails,=+CELL/12,2,D100,=+C100/12,,,TO_REVIEW
Production,=0.05*4000,2,W39,=0.05*4000,,,TO_REVIEW
Production,"=+IF((CA!#REF!-PRODUCTION!CELL)>0,ROUNDUP((CA!#REF!-PRODUCTION!CELL),2)&""""&""BÉNÉF"",ROUNDUP((CA!#REF!-PRODUCTION!CELL),2)&""""&""PERTES"")",2,U42,"=+IF((CA!#REF!-Production!T42)>0,ROUNDUP((CA!#REF!-Production!T42),2)&"" ""&""Bénéf"",ROUNDUP((CA!#REF!-Production!T42),2)&"" ""&""Pertes"")",,,TO_REVIEW
Besoins en micas,=+CELL-CELL,2,F251,=+F250-O17,,,TO_REVIEW
Feuil3,=+CELL-CELL,2,P76,=+P61-P70,,,TO_REVIEW
CA,=+SUM(CELL:CELL),2,Q7,=+SUM(O4:O7),,,TO_REVIEW
Détails Achats direct,=+CELL*1.2,2,F18,=+D18*1.2,,,TO_REVIEW
Primes,"=+ORG!CELL&""EQUIPE=""&CELL",2,D61,"=+Org!M62&"" Equipe = ""&F16",,,TO_REVIEW
CR Nature FD,"=ROUNDUP(IF((+CELL-SUM(CELL:CELL)-SUM(CELL:CELL))<0,CELL*5/1000+320000,(+CELL-SUM(CELL:CELL)-SUM(CELL:CELL))*0.2),-3)",2,N28,"=ROUNDUP(IF((+O39-SUM(O42:O46)-SUM(O51:O57))<0,O39*5/1000+320000,(+O39-SUM(O42:O46)-SUM(O51:O57))*0.2),-3)",,,TO_REVIEW
Invest FD,=+CELL*0.25/12,2,C17,=+C7*0.25/12,,,TO_REVIEW
AN,=+CELL+CELL+CELL+CELL+CELL+CELL+CELL+CELL+CELL+CELL+CELL+CELL+CELL+CELL,2,C158,=+C156+C150+C143+C136+C122+C116+C109+C103+C97+C91+C85+C83+C76+C69,,,TO_REVIEW
AN,=+CELL+CELL+CELL+CELL+CELL+CELL+CELL+CELL+CELL,2,C215,=+C213+C207+C205+C199+C193+C187+C181+C175+C169,,,TO_REVIEW
AN,"=""TOTAL""&CELL",2,B249,"=""TOTAL   ""&B234",,,TO_REVIEW
Détails FF FD,=+CELL-'EMPRUNTSFD'!CELL,2,P7,=+O7-'Emprunts FD'!G110,,,TO_REVIEW
FORT DAUPHIN,=4200/30,1,B2,=4200/30,,,TO_REVIEW
FORT DAUPHIN,"=SUBTOTAL(3,CELL:CELL)",1,D5,"=SUBTOTAL(3,D7:D135)",,,TO_REVIEW
FORT DAUPHIN,"=""MATRICULE""",1,A6,"=""Matricule""",,,TO_REVIEW
FORT DAUPHIN,"=""NOM""",1,B6,"=""NOM""",,,TO_REVIEW
FORT DAUPHIN,"=""PRENOMS""",1,C6,"=""PRENOMS""",,,TO_REVIEW
FORT DAUPHIN,"=""FONCTION""",1,D6,"=""FONCTION""",,,TO_REVIEW
FORT DAUPHIN,"=""ENTREE""",1,E6,"=""entree""",,,TO_REVIEW
FORT DAUPHIN,"=""CAT""",1,F6,"=""CAT""",,,TO_REVIEW
FORT DAUPHIN,"=""BASE""",1,G6,"=""Base""",,,TO_REVIEW
FORT DAUPHIN,"=""ALLOCATIONDECONGES""",1,H6,"=""ALLOCATION DE CONGES""",,,TO_REVIEW
FORT DAUPHIN,"=""HEURESSUPP""",1,I6,"=""HEURES SUPP""",,,TO_REVIEW
FORT DAUPHIN,"=""NBRES""",1,J6,"=""NBRES""",,,TO_REVIEW
FORT DAUPHIN,"=""ABSENCE""",1,K6,"=""ABSENCE""",,,TO_REVIEW
FORT DAUPHIN,"=""PREAVIS(RETENUE)""",1,L6,"=""PREAVIS (retenue)""",,,TO_REVIEW
FORT DAUPHIN,"=""INDEMNITE""",1,M6,"=""INDEMNITE""",,,TO_REVIEW
FORT DAUPHIN,"=""BRUT""",1,N6,"=""BRUT""",,,TO_REVIEW
FORT DAUPHIN,"=""IRSA""",1,O6,"=""IRSA""",,,TO_REVIEW
FORT DAUPHIN,"=""RETCNAPS""",1,P6,"=""RET CNAPS""",,,TO_REVIEW
FORT DAUPHIN,"=""RETOSTIE""",1,Q6,"=""RET OSTIE""",,,TO_REVIEW
FORT DAUPHIN,"=""AVANCES""",1,R6,"=""AVANCES""",,,TO_REVIEW
FORT DAUPHIN,"=""ANCARR""",1,S6,"=""ANC ARR""",,,TO_REVIEW
FORT DAUPHIN,"=""NOUVARR""",1,T6,"=""NOUV ARR""",,,TO_REVIEW
FORT DAUPHIN,"=""NETAPAYER""",1,U6,"=""NET A PAYER""",,,TO_REVIEW
FORT DAUPHIN,"=""UNITE""",1,V6,"=""UNITE""",,,TO_REVIEW
FORT DAUPHIN,"=""SERVICE""",1,W6,"=""SERVICE""",,,TO_REVIEW
FORT DAUPHIN,"=""INTITULÉÉTABLISSEMENT""",1,X6,"=""Intitulé établissement""",,,TO_REVIEW
FORT DAUPHIN,"=""MODEDEPAIEMENT""",1,Y6,"=""MODE DE PAIEMENT""",,,TO_REVIEW
FORT DAUPHIN,=COUNTA(CELL:CELL),1,I247,=COUNTA(I218:I244),,,TO_REVIEW
FORT DAUPHIN,=+'RECAPCOUPEUSESFD'!CELL,1,C248,=+'Recap coupeuses FD'!M11,,,TO_REVIEW
Données SOMIDA,"=+ROUND(CELL*CELL,1)",1,L20,"=+ROUND(L60*D59,1)",,,TO_REVIEW
Données SOMIDA,"=ROUND(+CELL/CELL,1)",1,L60,"=ROUND(+L48/$D$58,1)",,,TO_REVIEW
Données SOMIDA,=100%-CELL-CELL-CELL,1,D65,=100%-D62-D63-D64,,,TO_REVIEW
Données SOMIDA,=+CELL-CELL-CELL-CELL,1,L65,=+L60-L62-L63-L64,,,TO_REVIEW
Données SOMIDA,=12*28,1,K77,=12*28,,,TO_REVIEW
Données SOMIDA,=10*25,1,K78,=10*25,,,TO_REVIEW
Données SOMIDA,=+CELL*0.1,1,L85,=+L67*0.1,,,TO_REVIEW
Données SOMIDA,=4*28,1,J114,=4*28,,,TO_REVIEW
Stat,<OPENPYXL.WORKSHEET.FORMULA.ARRAYFORMULAOBJECTAT0X0000026CDD5AF9D0>,1,Y4,<openpyxl.worksheet.formula.ArrayFormula object at 0x0000026CDD5AF9D0>,,,TO_REVIEW
Stat,<OPENPYXL.WORKSHEET.FORMULA.ARRAYFORMULAOBJECTAT0X0000026CDC065BD0>,1,Z4,<openpyxl.worksheet.formula.ArrayFormula object at 0x0000026CDC065BD0>,,,TO_REVIEW
Stat,"=CELL&""""&""KG""",1,Y18,"=Y16&"""" &""Kg""",,,TO_REVIEW
Org,=+CELL*2.5,1,K134,=+K133*2.5,,,TO_REVIEW
Org,=+CELL*1.5,1,K135,=+K133*1.5,,,TO_REVIEW
Org,=+CELL*15,1,K136,=+K133*15,,,TO_REVIEW
Org,=+CELL*10,1,K137,=+K133*10,,,TO_REVIEW
 OKB TRA ABR,=(100*CELL)/80,1,B2,=(100*B3)/80,,,TO_REVIEW
 OKB TRA ABR,=(CELL*1000)/50,1,D3,=(B3*1000)/50,,,TO_REVIEW
 OKB TRA ABR,=CELL/20,1,B4,=B3/20,,,TO_REVIEW
 OKB TRA ABR,=CELL*CELL*CELL,1,B9,=B6*B7*B8,,,TO_REVIEW
 OKB TRA ABR,=(CELL*1000)-45000,1,C15,=($B$2*1000)-45000,,,TO_REVIEW
 OKB TRA ABR,=CELL*1000,1,C16,=$B$3*1000,,,TO_REVIEW
 OKB TRA ABR,=70000*2,1,B25,=70000*2,,,TO_REVIEW
 OKB TRA ABR,=CELL*3,1,C27,=$B$6*3,,,TO_REVIEW
 OKB TRA ABR,=13*8,1,C28,=13*8,,,TO_REVIEW
 OKB TRA ABR,=(CELL/50)+(CELL/50)*5%,1,C35,=(C16/50)+(C16/50)*5%,,,TO_REVIEW
 OKB TRA ABR,=CELL+CELL+CELL+CELL+CELL,1,B41,=E17+E38+E31+E39+E40,,,TO_REVIEW
OKB FP1,=(100*CELL)/80,1,B2,=(100*B3)/80,,,TO_REVIEW
OKB FP1,=(CELL*1000)/50,1,D3,=(B3*1000)/50,,,TO_REVIEW
OKB FP1,=CELL/20,1,B4,=B3/20,,,TO_REVIEW
OKB FP1,=CELL*CELL*CELL,1,B10,=B7*B8*B9,,,TO_REVIEW
OKB FP1,=(CELL*1000),1,C16,=($B$2*1000),,,TO_REVIEW
OKB FP1,=CELL*1000,1,C17,=$B$3*1000,,,TO_REVIEW
OKB FP1,=340*6,1,C18,=340*6,,,TO_REVIEW
OKB FP1,=70000*2,1,B27,=70000*2,,,TO_REVIEW
OKB FP1,=CELL*3,1,C29,=$B$7*3,,,TO_REVIEW
OKB FP1,=13*3,1,C30,=13*3,,,TO_REVIEW
OKB FP1,=(CELL/50)+(CELL/50)*5%,1,C37,=(C17/50)+(C17/50)*5%,,,TO_REVIEW
OKB FP1,=CELL+CELL+CELL+CELL+CELL,1,B43,=E19+E40+E33+E41+E42,,,TO_REVIEW
Goodeis,=(100*CELL)/80,1,B2,=(100*B3)/80,,,TO_REVIEW
Goodeis,=28*3,1,B6,=28*3,,,TO_REVIEW
Goodeis,=70000*2,1,I33,=70000*2,,,TO_REVIEW
Goodeis,=CELL*3,1,J35,=B3*3,,,TO_REVIEW
Goodeis,=CELL+CELL+CELL+CELL+CELL+CELL+CELL+CELL+CELL,1,I39,=L30+L31+L32+L33+L34+L35+L36+L37+L38,,,TO_REVIEW
Goodeis,=(3239*CELL)+120000,1,I45,=(3239*B11)+120000,,,TO_REVIEW
Goodeis,=5500000-2100000,1,B52,=5500000-2100000,,,TO_REVIEW
Goodeis,=989*4250,1,B53,=989*4250,,,TO_REVIEW
Goodeis,=CELL/4500,1,F58,=E58/4500,,,TO_REVIEW
Org (2),=+CELL*2.5,1,K242,=+K241*2.5,,,TO_REVIEW
Org (2),=+CELL*1.5,1,K243,=+K241*1.5,,,TO_REVIEW
Org (2),=+CELL*15,1,K244,=+K241*15,,,TO_REVIEW
Org (2),=+CELL*10,1,K245,=+K241*10,,,TO_REVIEW
Organigramme,=+'FORTDAUPHIN'!CELL,1,H7,=+'FORT DAUPHIN'!B108,,,TO_REVIEW
Organigramme,"=+'FORTDAUPHIN'!CELL&""""&'FORTDAUPHIN'!CELL",1,H19,"=+'FORT DAUPHIN'!B109&"" ""&'FORT DAUPHIN'!C109",,,TO_REVIEW
Recap coupeuses FD,=TODAY(),1,O3,=TODAY(),,,TO_REVIEW
Recap coupeuses FD,='RECAPCOUPEUSESFD'!CELL+CELL,1,M8,='Recap coupeuses FD'!D8+F8,,,TO_REVIEW
AMPANDRANDAVA,"=""MATRICULE""",1,A1,"=""Matricule""",,,TO_REVIEW
AMPANDRANDAVA,"=""NOM""",1,B1,"=""NOM""",,,TO_REVIEW
AMPANDRANDAVA,"=""PRENOMS""",1,C1,"=""PRENOMS""",,,TO_REVIEW
AMPANDRANDAVA,"=""FONCTION""",1,D1,"=""FONCTION""",,,TO_REVIEW
AMPANDRANDAVA,"=""ENTREE""",1,E1,"=""entree""",,,TO_REVIEW
AMPANDRANDAVA,"=""CAT""",1,F1,"=""CAT""",,,TO_REVIEW
AMPANDRANDAVA,"=""BASE""",1,G1,"=""Base""",,,TO_REVIEW
AMPANDRANDAVA,"=""ALLOCATIONDECONGES""",1,H1,"=""ALLOCATION DE CONGES""",,,TO_REVIEW
AMPANDRANDAVA,"=""HEURESSUPP""",1,I1,"=""HEURES SUPP""",,,TO_REVIEW
AMPANDRANDAVA,"=""NBRES""",1,J1,"=""NBRES""",,,TO_REVIEW
AMPANDRANDAVA,"=""ABSENCE""",1,K1,"=""ABSENCE""",,,TO_REVIEW
AMPANDRANDAVA,"=""INDEMNITE""",1,L1,"=""INDEMNITE""",,,TO_REVIEW
AMPANDRANDAVA,"=""RAPPELSURSALAIRE""",1,M1,"=""RAPPEL SUR SALAIRE""",,,TO_REVIEW
AMPANDRANDAVA,"=""BRUT""",1,N1,"=""BRUT""",,,TO_REVIEW
AMPANDRANDAVA,"=""IRSA""",1,O1,"=""IRSA""",,,TO_REVIEW
AMPANDRANDAVA,"=""RETCNAPS""",1,P1,"=""RET CNAPS""",,,TO_REVIEW
AMPANDRANDAVA,"=""PAIEMENTESP""",1,Q1,"=""PAIEMENT ESP""",,,TO_REVIEW
AMPANDRANDAVA,"=""ANCARR""",1,R1,"=""ANC ARR""",,,TO_REVIEW
AMPANDRANDAVA,"=""NOUVARR""",1,S1,"=""NOUV ARR""",,,TO_REVIEW
AMPANDRANDAVA,"=""NETAPAYER""",1,T1,"=""NET A PAYER""",,,TO_REVIEW
AMPANDRANDAVA,"=""UNITE""",1,U1,"=""UNITE""",,,TO_REVIEW
AMPANDRANDAVA,"=""INTITULÉÉTABLISSEMENT""",1,V1,"=""Intitulé établissement""",,,TO_REVIEW
AMPANDRANDAVA,"=""MODEDEPAIEMENT""",1,W1,"=""MODE DE PAIEMENT""",,,TO_REVIEW
AMPANDRANDAVA,"=""0760""",1,A2,"="" 0760""",,,TO_REVIEW
AMPANDRANDAVA,"=""REFILA""",1,B2,"=""REFILA""",,,TO_REVIEW
AMPANDRANDAVA,"=""01096""",1,A3,"=""01096""",,,TO_REVIEW
AMPANDRANDAVA,"=""TOLISOA""",1,B3,"=""TOLISOA""",,,TO_REVIEW
AMPANDRANDAVA,"=""01120""",1,A4,"=""01120""",,,TO_REVIEW
AMPANDRANDAVA,"=""JEANBAPTISTE""",1,B4,"=""JEAN BAPTISTE""",,,TO_REVIEW
AMPANDRANDAVA,"=""MECANICIEN""",1,D4,"=""MECANICIEN""",,,TO_REVIEW
AMPANDRANDAVA,"=""01196""",1,A5,"=""01196""",,,TO_REVIEW
AMPANDRANDAVA,"=""BRUNO""",1,B5,"=""BRUNO""",,,TO_REVIEW
AMPANDRANDAVA,"=""5A""",1,F5,"=""5A""",,,TO_REVIEW
AMPANDRANDAVA,"=""01227""",1,A6,"=""01227""",,,TO_REVIEW
AMPANDRANDAVA,"=""RAYMONDNOEL""",1,B6,"=""RAYMOND NOEL""",,,TO_REVIEW
AMPANDRANDAVA,"=""3B""",1,F6,"=""3B""",,,TO_REVIEW
AMPANDRANDAVA,"=""01276""",1,A7,"=""01276""",,,TO_REVIEW
AMPANDRANDAVA,"=""ANDRIANJAKASOA""",1,B7,"=""ANDRIANJAKASOA""",,,TO_REVIEW
AMPANDRANDAVA,"=""LALA""",1,C7,"=""Lala""",,,TO_REVIEW
AMPANDRANDAVA,"=""CHEFD'EXPLOITATION""",1,D7,"=""CHEF D'EXPLOITATION""",,,TO_REVIEW
AMPANDRANDAVA,"=""01319""",1,A8,"=""01319""",,,TO_REVIEW
AMPANDRANDAVA,"=""FAHAMARO""",1,B8,"=""FAHAMARO""",,,TO_REVIEW
AMPANDRANDAVA,"=""01322""",1,A9,"=""01322""",,,TO_REVIEW
AMPANDRANDAVA,"=""RAZAFINDRALAMBO""",1,B9,"=""RAZAFINDRALAMBO""",,,TO_REVIEW
AMPANDRANDAVA,"=""ODILON""",1,C9,"=""Odilon""",,,TO_REVIEW
AMPANDRANDAVA,"=""MACON""",1,D9,"=""MACON""",,,TO_REVIEW
AMPANDRANDAVA,"=""CELLB""",1,F9,"=""OP1B""",,,TO_REVIEW
AMPANDRANDAVA,"=""01325""",1,A10,"=""01325""",,,TO_REVIEW
AMPANDRANDAVA,"=""RAHERINIAINA""",1,B10,"=""RAHERINIAINA""",,,TO_REVIEW
AMPANDRANDAVA,"=""ELIECHARL""",1,C10,"=""Elie Charl""",,,TO_REVIEW
AMPANDRANDAVA,"=""01326""",1,A11,"=""01326""",,,TO_REVIEW
AMPANDRANDAVA,"=""CLAUDEFRA""",1,C11,"=""Claude Fra""",,,TO_REVIEW
AMPANDRANDAVA,"=""01327""",1,A12,"=""01327""",,,TO_REVIEW
AMPANDRANDAVA,"=""01331""",1,A13,"=""01331""",,,TO_REVIEW
AMPANDRANDAVA,"=""FANAHIA""",1,B13,"=""FANAHIA""",,,TO_REVIEW
AMPANDRANDAVA,"=""BERTRANDG""",1,C13,"=""Bertrand G""",,,TO_REVIEW
AMPANDRANDAVA,"=""2B""",1,F13,"=""2B""",,,TO_REVIEW
AMPANDRANDAVA,"=""01334""",1,A14,"=""01334""",,,TO_REVIEW
AMPANDRANDAVA,"=""HOVA""",1,B14,"=""HOVA""",,,TO_REVIEW
AMPANDRANDAVA,"=""CLAUDINE""",1,C14,"=""Claudine""",,,TO_REVIEW
AMPANDRANDAVA,"=""FEMMEDEMENAGE""",1,D14,"=""FEMME DE MENAGE""",,,TO_REVIEW
AMPANDRANDAVA,"=""10027""",1,A15,"=""10027""",,,TO_REVIEW
AMPANDRANDAVA,"=""MILASOA""",1,B15,"=""MILASOA""",,,TO_REVIEW
AMPANDRANDAVA,"=""GAETAN""",1,C15,"=""Gaetan""",,,TO_REVIEW
AMPANDRANDAVA,"=""MAGASINIER""",1,D15,"=""MAGASINIER""",,,TO_REVIEW
AMPANDRANDAVA,"=""10072""",1,A16,"=""10072""",,,TO_REVIEW
AMPANDRANDAVA,"=""RAZANAMAHEFA""",1,B16,"=""RAZANAMAHEFA""",,,TO_REVIEW
AMPANDRANDAVA,"=""MONIQUE""",1,C16,"=""Monique""",,,TO_REVIEW
AMPANDRANDAVA,"=""RESPMICA""",1,D16,"=""RESP MICA""",,,TO_REVIEW
AMPANDRANDAVA,"=""10100""",1,A17,"=""10100""",,,TO_REVIEW
AMPANDRANDAVA,"=""RASOAMAMPIONONA""",1,B17,"=""RASOAMAMPIONONA""",,,TO_REVIEW
AMPANDRANDAVA,"=""ALICE""",1,C17,"=""Alice""",,,TO_REVIEW
AMPANDRANDAVA,"=""LINGERIE""",1,D17,"=""LINGERIE""",,,TO_REVIEW
AMPANDRANDAVA,"=""10101""",1,A18,"=""10101""",,,TO_REVIEW
AMPANDRANDAVA,"=""RALAIVAO""",1,B18,"=""RALAIVAO""",,,TO_REVIEW
AMPANDRANDAVA,"=""SETHNORBE""",1,C18,"=""Seth Norbe""",,,TO_REVIEW
AMPANDRANDAVA,"=""RECEPTIONNISTE""",1,D18,"=""RECEPTIONNISTE""",,,TO_REVIEW
AMPANDRANDAVA,"=""11339""",1,A19,"=""11339""",,,TO_REVIEW
AMPANDRANDAVA,"=""TSIFY""",1,C19,"=""Tsify""",,,TO_REVIEW
AMPANDRANDAVA,"=""11340""",1,A20,"=""11340""",,,TO_REVIEW
AMPANDRANDAVA,"=""TSIVERY""",1,B20,"=""TSIVERY""",,,TO_REVIEW
AMPANDRANDAVA,"=""LEONCE""",1,C20,"=""Leonce""",,,TO_REVIEW
AMPANDRANDAVA,"=""11341""",1,A21,"=""11341""",,,TO_REVIEW
AMPANDRANDAVA,"=""RASOLO""",1,B21,"=""RASOLO""",,,TO_REVIEW
AMPANDRANDAVA,"=""LOUISSERA""",1,C21,"=""Louis Sera""",,,TO_REVIEW
AMPANDRANDAVA,"=""11342""",1,A22,"=""11342""",,,TO_REVIEW
AMPANDRANDAVA,"=""ZAFINDRAZA""",1,B22,"=""ZAFINDRAZA""",,,TO_REVIEW
AMPANDRANDAVA,"=""11343""",1,A23,"=""11343""",,,TO_REVIEW
AMPANDRANDAVA,"=""TSANGANAVELO""",1,B23,"=""TSANGANAVELO""",,,TO_REVIEW
AMPANDRANDAVA,"=""11346""",1,A24,"=""11346""",,,TO_REVIEW
AMPANDRANDAVA,"=""AVISOA""",1,B24,"=""AVISOA""",,,TO_REVIEW
AMPANDRANDAVA,"=""MAHONJO""",1,C24,"=""Mahonjo""",,,TO_REVIEW
AMPANDRANDAVA,"=""11348""",1,A25,"=""11348""",,,TO_REVIEW
AMPANDRANDAVA,"=""MANJOSOA""",1,B25,"=""MANJOSOA""",,,TO_REVIEW
AMPANDRANDAVA,"=""11349""",1,A26,"=""11349""",,,TO_REVIEW
AMPANDRANDAVA,"=""MANAFOKO""",1,B26,"=""MANAFOKO""",,,TO_REVIEW
AMPANDRANDAVA,"=""11350""",1,A27,"=""11350""",,,TO_REVIEW
AMPANDRANDAVA,"=""SOAZARA""",1,B27,"=""SOAZARA""",,,TO_REVIEW
AMPANDRANDAVA,"=""JEANPAUL""",1,C27,"=""Jean Paul""",,,TO_REVIEW
AMPANDRANDAVA,"=""11351""",1,A28,"=""11351""",,,TO_REVIEW
AMPANDRANDAVA,"=""SAMBOMANA""",1,B28,"=""SAMBOMANA""",,,TO_REVIEW
AMPANDRANDAVA,"=""11352""",1,A29,"=""11352""",,,TO_REVIEW
AMPANDRANDAVA,"=""RANDRIAMANDAMINA""",1,B29,"=""RANDRIAMANDAMINA""",,,TO_REVIEW
AMPANDRANDAVA,"=""BERNARDIN""",1,C29,"=""Bernardin""",,,TO_REVIEW
AMPANDRANDAVA,"=""BOUTEFEUX""",1,D29,"=""BOUTE FEUX""",,,TO_REVIEW
AMPANDRANDAVA,"=""11353""",1,A30,"=""11353""",,,TO_REVIEW
AMPANDRANDAVA,"=""IERI""",1,B30,"=""IERI""",,,TO_REVIEW
AMPANDRANDAVA,"=""SANTÉGALO""",1,C30,"=""Santé Galo""",,,TO_REVIEW
AMPANDRANDAVA,"=""CONDUCTEUR/SOUDEUR""",1,D30,"=""CONDUCTEUR/SOUDEUR""",,,TO_REVIEW
AMPANDRANDAVA,"=""11354""",1,A31,"=""11354""",,,TO_REVIEW
AMPANDRANDAVA,"=""SILIVERA""",1,B31,"=""SILIVERA""",,,TO_REVIEW
AMPANDRANDAVA,"=""AIDEPLOMBIER""",1,D31,"=""AIDE PLOMBIER""",,,TO_REVIEW
AMPANDRANDAVA,"=""11355""",1,A32,"=""11355""",,,TO_REVIEW
AMPANDRANDAVA,"=""ROBITIANA""",1,B32,"=""ROBITIANA""",,,TO_REVIEW
AMPANDRANDAVA,"=""REINE""",1,C32,"=""Reine""",,,TO_REVIEW
AMPANDRANDAVA,"=""RESPONSABLEPESEURS""",1,D32,"=""RESPONSABLE PESEURS""",,,TO_REVIEW
AMPANDRANDAVA,"=""11361""",1,A33,"=""11361""",,,TO_REVIEW
AMPANDRANDAVA,"=""RAVELOMANANTSOANIRINA""",1,B33,"=""RAVELOMANANTSOA NIRINA""",,,TO_REVIEW
AMPANDRANDAVA,"=""EDMOND""",1,C33,"=""Edmond""",,,TO_REVIEW
AMPANDRANDAVA,"=""RESPONSABLEMINESAMPANDRANDA""",1,D33,"=""RESPONSABLE MINES  AMPANDRANDA""",,,TO_REVIEW
AMPANDRANDAVA,"=""21018""",1,A34,"=""21018""",,,TO_REVIEW
AMPANDRANDAVA,"=""SOARAZA""",1,B34,"=""SOARAZA""",,,TO_REVIEW
AMPANDRANDAVA,"=""GERARD""",1,C34,"=""Gerard""",,,TO_REVIEW
AMPANDRANDAVA,"=""21019""",1,A35,"=""21019""",,,TO_REVIEW
AMPANDRANDAVA,"=""RAZAFIMANDROSO""",1,B35,"=""RAZAFIMANDROSO""",,,TO_REVIEW
AMPANDRANDAVA,"=""NANTENAINA""",1,C35,"=""Nantenaina""",,,TO_REVIEW
AMPANDRANDAVA,"=""21032""",1,A36,"=""21032""",,,TO_REVIEW
AMPANDRANDAVA,"=""TANANTSOA""",1,B36,"=""TANANTSOA""",,,TO_REVIEW
AMPANDRANDAVA,"=""21033""",1,A37,"=""21033""",,,TO_REVIEW
AMPANDRANDAVA,"=""FERNAND""",1,B37,"=""FERNAND""",,,TO_REVIEW
AMPANDRANDAVA,"=""FIARENA""",1,C37,"=""Fiarena""",,,TO_REVIEW
AMPANDRANDAVA,"=""21034""",1,A38,"=""21034""",,,TO_REVIEW
AMPANDRANDAVA,"=""21036""",1,A39,"=""21036""",,,TO_REVIEW
AMPANDRANDAVA,"=""MALANGISOA""",1,B39,"=""MALANGISOA""",,,TO_REVIEW
AMPANDRANDAVA,"=""21050""",1,A40,"=""21050""",,,TO_REVIEW
AMPANDRANDAVA,"=""AUGUSTIN""",1,C40,"=""Augustin""",,,TO_REVIEW
AMPANDRANDAVA,"=""PESEURMICABRUT""",1,D40,"=""PESEUR MICA BRUT""",,,TO_REVIEW
AMPANDRANDAVA,"=""21053""",1,A41,"=""21053""",,,TO_REVIEW
AMPANDRANDAVA,"=""MIANDRISOAT.""",1,B41,"=""MIANDRISOA T.""",,,TO_REVIEW
AMPANDRANDAVA,"=""NARCISSE""",1,C41,"=""Narcisse""",,,TO_REVIEW
AMPANDRANDAVA,"=""TOJ""",1,D41,"=""TOJ""",,,TO_REVIEW
AMPANDRANDAVA,"=""21057""",1,A42,"=""21057""",,,TO_REVIEW
AMPANDRANDAVA,"=""SOAFANOROA""",1,B42,"=""SOAFANOROA""",,,TO_REVIEW
AMPANDRANDAVA,"=""MINEUR""",1,D42,"=""MINEUR""",,,TO_REVIEW
AMPANDRANDAVA,"=""21059""",1,A43,"=""21059""",,,TO_REVIEW
AMPANDRANDAVA,"=""21061""",1,A44,"=""21061""",,,TO_REVIEW
AMPANDRANDAVA,"=""RAZAFINDRAKOTONIAINA""",1,B44,"=""RAZAFINDRAKOTONIAINA""",,,TO_REVIEW
AMPANDRANDAVA,"=""PATRICK""",1,C44,"=""Patrick""",,,TO_REVIEW
AMPANDRANDAVA,"=""21062""",1,A45,"=""21062""",,,TO_REVIEW
AMPANDRANDAVA,"=""RAMANAHIRANA""",1,B45,"=""RAMANAHIRANA""",,,TO_REVIEW
AMPANDRANDAVA,"=""VORISOARE""",1,C45,"=""Vorisoa Re""",,,TO_REVIEW
AMPANDRANDAVA,"=""21210""",1,A46,"=""21210""",,,TO_REVIEW
AMPANDRANDAVA,"=""SOJACECILIA""",1,B46,"=""SOJA CECILIA""",,,TO_REVIEW
AMPANDRANDAVA,"=""21251""",1,A47,"=""21251""",,,TO_REVIEW
AMPANDRANDAVA,"=""RAKOTOMALALA""",1,B47,"=""RAKOTOMALALA""",,,TO_REVIEW
AMPANDRANDAVA,"=""SOJA""",1,C47,"=""Soja""",,,TO_REVIEW
AMPANDRANDAVA,"=""21277""",1,A48,"=""21277""",,,TO_REVIEW
AMPANDRANDAVA,"=""LAMBO""",1,B48,"=""LAMBO""",,,TO_REVIEW
AMPANDRANDAVA,"=""21296""",1,A49,"=""21296""",,,TO_REVIEW
AMPANDRANDAVA,"=""RANOMENJANAHARY""",1,B49,"=""RANOMENJANAHARY""",,,TO_REVIEW
AMPANDRANDAVA,"=""DONALDREM""",1,C49,"=""Donald Rem""",,,TO_REVIEW
AMPANDRANDAVA,"=""21322""",1,A50,"=""21322""",,,TO_REVIEW
AMPANDRANDAVA,"=""RAZAFIMAHATRATRA""",1,B50,"=""RAZAFIMAHATRATRA""",,,TO_REVIEW
AMPANDRANDAVA,"=""GASTON""",1,C50,"=""Gaston""",,,TO_REVIEW
AMPANDRANDAVA,"=""21335""",1,A51,"=""21335""",,,TO_REVIEW
AMPANDRANDAVA,"=""TIRINDRAY""",1,B51,"=""TIRINDRAY""",,,TO_REVIEW
AMPANDRANDAVA,"=""MAHERISOA""",1,C51,"=""Maherisoa""",,,TO_REVIEW
AMPANDRANDAVA,"=""21364""",1,A52,"=""21364""",,,TO_REVIEW
AMPANDRANDAVA,"=""JEAN""",1,C52,"=""Jean""",,,TO_REVIEW
AMPANDRANDAVA,"=""21473""",1,A53,"=""21473""",,,TO_REVIEW
AMPANDRANDAVA,"=""21478""",1,A54,"=""21478""",,,TO_REVIEW
AMPANDRANDAVA,"=""DAMY""",1,B54,"=""DAMY""",,,TO_REVIEW
AMPANDRANDAVA,"=""SYLVIN""",1,C54,"=""Sylvin""",,,TO_REVIEW
AMPANDRANDAVA,"=""21479""",1,A55,"=""21479""",,,TO_REVIEW
AMPANDRANDAVA,"=""FANOMEZA""",1,B55,"=""FANOMEZA""",,,TO_REVIEW
AMPANDRANDAVA,"=""ALSON""",1,C55,"=""Alson""",,,TO_REVIEW
AMPANDRANDAVA,"=""BOUTEFEU""",1,D55,"=""BOUTE FEU""",,,TO_REVIEW
AMPANDRANDAVA,"=""21543""",1,A56,"=""21543""",,,TO_REVIEW
AMPANDRANDAVA,"=""MIHA""",1,B56,"=""MIHA""",,,TO_REVIEW
AMPANDRANDAVA,"=""TAHINTSOA""",1,C56,"=""Tahintsoa""",,,TO_REVIEW
AMPANDRANDAVA,"=""21607""",1,A57,"=""21607""",,,TO_REVIEW
AMPANDRANDAVA,"=""MANADILY""",1,B57,"=""MANADILY""",,,TO_REVIEW
AMPANDRANDAVA,"=""21656""",1,A58,"=""21656""",,,TO_REVIEW
AMPANDRANDAVA,"=""HERINIAINA""",1,B58,"=""HERINIAINA""",,,TO_REVIEW
AMPANDRANDAVA,"=""THERRYGAL""",1,C58,"=""Therry Gal""",,,TO_REVIEW
AMPANDRANDAVA,"=""21675""",1,A59,"=""21675""",,,TO_REVIEW
AMPANDRANDAVA,"=""RAZAFINDRAGABY""",1,B59,"=""RAZAFINDRAGABY""",,,TO_REVIEW
AMPANDRANDAVA,"=""21714""",1,A60,"=""21714""",,,TO_REVIEW
AMPANDRANDAVA,"=""RATOVONIAINA""",1,B60,"=""RATOVONIAINA""",,,TO_REVIEW
AMPANDRANDAVA,"=""SOJAOBIN""",1,C60,"=""Soja Obin""",,,TO_REVIEW
AMPANDRANDAVA,"=""21737""",1,A61,"=""21737""",,,TO_REVIEW
AMPANDRANDAVA,"=""REMY""",1,B61,"=""REMY""",,,TO_REVIEW
AMPANDRANDAVA,"=""ELJHONE""",1,C61,"=""Eljhone""",,,TO_REVIEW
AMPANDRANDAVA,"=""21844""",1,A62,"=""21844""",,,TO_REVIEW
AMPANDRANDAVA,"=""KARENA""",1,B62,"=""KARENA""",,,TO_REVIEW
AMPANDRANDAVA,"=""VIOLETTE""",1,C62,"=""Violette""",,,TO_REVIEW
AMPANDRANDAVA,"=""TAMISEUSE""",1,D62,"=""TAMISEUSE""",,,TO_REVIEW
AMPANDRANDAVA,"=""21970""",1,A63,"=""21970""",,,TO_REVIEW
AMPANDRANDAVA,"=""TONGARIVO""",1,B63,"=""TONGARIVO""",,,TO_REVIEW
AMPANDRANDAVA,"=""JACK""",1,C63,"=""Jack""",,,TO_REVIEW
AMPANDRANDAVA,"=""CONTROLEUSEMICABRUT""",1,D63,"=""CONTROLEUSE MICA BRUT""",,,TO_REVIEW
AMPANDRANDAVA,"=""22011""",1,A64,"=""22011""",,,TO_REVIEW
AMPANDRANDAVA,"=""TOVO""",1,B64,"=""TOVO""",,,TO_REVIEW
AMPANDRANDAVA,"=""JOSÉANACL""",1,C64,"=""José Anacl""",,,TO_REVIEW
AMPANDRANDAVA,"=""22012""",1,A65,"=""22012""",,,TO_REVIEW
AMPANDRANDAVA,"=""SOLOBERA""",1,B65,"=""SOLOBERA""",,,TO_REVIEW
AMPANDRANDAVA,"=""22013""",1,A66,"=""22013""",,,TO_REVIEW
AMPANDRANDAVA,"=""KOTO""",1,B66,"=""KOTO""",,,TO_REVIEW
AMPANDRANDAVA,"=""FLORENT""",1,C66,"=""Florent""",,,TO_REVIEW
AMPANDRANDAVA,"=""22014""",1,A67,"=""22014""",,,TO_REVIEW
AMPANDRANDAVA,"=""MOLY""",1,B67,"=""MOLY""",,,TO_REVIEW
AMPANDRANDAVA,"=""JUSTIN""",1,C67,"=""Justin""",,,TO_REVIEW
AMPANDRANDAVA,"=""22265""",1,A68,"=""22265""",,,TO_REVIEW
AMPANDRANDAVA,"=""NOMENJANAHARYRALAINANDRASANA""",1,B68,"=""NOMENJANAHARY RALAINANDRASANA""",,,TO_REVIEW
AMPANDRANDAVA,"=""JEANLADIS""",1,C68,"=""Jean Ladis""",,,TO_REVIEW
AMPANDRANDAVA,"=""22313""",1,A69,"=""22313""",,,TO_REVIEW
AMPANDRANDAVA,"=""SOALITSY""",1,B69,"=""SOALITSY""",,,TO_REVIEW
AMPANDRANDAVA,"=""JOENTOLY""",1,C69,"=""Joentoly""",,,TO_REVIEW
AMPANDRANDAVA,"=""22314""",1,A70,"=""22314""",,,TO_REVIEW
AMPANDRANDAVA,"=""RAZAFIMAHALEO""",1,B70,"=""RAZAFIMAHALEO""",,,TO_REVIEW
AMPANDRANDAVA,"=""HERIZO""",1,C70,"=""Herizo""",,,TO_REVIEW
AMPANDRANDAVA,"=""22315""",1,A71,"=""22315""",,,TO_REVIEW
AMPANDRANDAVA,"=""SAMBOVELOR.""",1,B71,"=""SAMBOVELO R.""",,,TO_REVIEW
AMPANDRANDAVA,"=""23001""",1,A72,"=""23001""",,,TO_REVIEW
AMPANDRANDAVA,"=""TOGNENDRAY""",1,C72,"=""Tognendray""",,,TO_REVIEW
AMPANDRANDAVA,"=""23004""",1,A73,"=""23004""",,,TO_REVIEW
AMPANDRANDAVA,"=""MANDIGNISOA""",1,B73,"=""MANDIGNISOA""",,,TO_REVIEW
AMPANDRANDAVA,"=""23006""",1,A74,"=""23006""",,,TO_REVIEW
AMPANDRANDAVA,"=""ZAFIARIVO""",1,B74,"=""ZAFIARIVO""",,,TO_REVIEW
AMPANDRANDAVA,"=""ODON""",1,C74,"=""Odon""",,,TO_REVIEW
AMPANDRANDAVA,"=""23009""",1,A75,"=""23009""",,,TO_REVIEW
AMPANDRANDAVA,"=""LAZA""",1,C75,"=""Laza""",,,TO_REVIEW
AMPANDRANDAVA,"=""23010""",1,A76,"=""23010""",,,TO_REVIEW
AMPANDRANDAVA,"=""REFISORA""",1,B76,"=""REFISORA""",,,TO_REVIEW
AMPANDRANDAVA,"=""ANDRIANAMB""",1,C76,"=""Andrianamb""",,,TO_REVIEW
AMPANDRANDAVA,"=""23011""",1,A77,"=""23011""",,,TO_REVIEW
AMPANDRANDAVA,"=""VELONTSARA""",1,B77,"=""VELONTSARA""",,,TO_REVIEW
Commande à honorer,=73*24000,1,I5,=73*24000,,,TO_REVIEW
Commande à honorer,=2*17500,1,I7,=2*17500,,,TO_REVIEW
Commande à honorer,=2*17.5,1,I14,=2*17.5,,,TO_REVIEW
Commande à honorer,=+CELL/24000,1,G20,=+E20/24000,,,TO_REVIEW
Commande à honorer,=+CELL-PRODUCTION!#REF!/1000-CELL-CELL,1,G23,=+E23-Production!#REF!/1000-E21-E22,,,TO_REVIEW
Commande à honorer,=+CELL+CELL,1,E26,=+E4+E6,,,TO_REVIEW
Commande à honorer,=+CELL/24,1,E27,=+E26/24,,,TO_REVIEW
Détails,=33*24000,1,E3,=33*24000,,,TO_REVIEW
Détails,=18/20,1,I3,=18/20,,,TO_REVIEW
Détails,=25*50,1,G30,=25*50,,,TO_REVIEW
Détails,=18*24,1,J39,=18*24,,,TO_REVIEW
Détails,=+CELL*10,1,K39,=+J39*10,,,TO_REVIEW
Détails,"=SUM(CELL,CELL,CELL)",1,C44,"=SUM(D41,D37,D28)",,,TO_REVIEW
Détails,=CELL*12,1,F44,=C44*12,,,TO_REVIEW
Détails,=3750*5,1,C47,=3750*5,,,TO_REVIEW
Détails,=100+80,1,G47,=100+80,,,TO_REVIEW
Détails,=1875*5,1,C48,=1875*5,,,TO_REVIEW
Détails,=18750*5,1,C49,=18750*5,,,TO_REVIEW
Détails,=15*2,1,F66,=15*2,,,TO_REVIEW
Détails,=+SUM(CELL:CELL),1,G66,=+SUM(G62:G64),,,TO_REVIEW
Détails,=0.5*6*4,1,G77,=0.5*6*4,,,TO_REVIEW
Détails,=80*2,1,C81,=80*2,,,TO_REVIEW
Détails,=12*6,1,G81,=12*6,,,TO_REVIEW
Détails,=239*2,1,C83,=239*2,,,TO_REVIEW
Détails,=+CELL*4000,1,E87,=+E86*4000,,,TO_REVIEW
Détails,=+CELL*1.2,1,F99,=+B99*1.2,,,TO_REVIEW
Détails,=+CELL/3,1,G99,=+F99/3,,,TO_REVIEW
Détails,=250000000/3750,1,I99,=250000000/3750,,,TO_REVIEW
Détails,=+CELL*0.1,1,B101,=+B100*0.1,,,TO_REVIEW
Commandes,=500/CELL,1,G6,=500/C6,,,TO_REVIEW
Commandes,=1600/12,1,Q13,=1600/12,,,TO_REVIEW
Commandes,=+CELL/20,1,R13,=+Q13/20,,,TO_REVIEW
Production,"=IF(CELL>CELL,""SURACTIVITÉ"",""SOUSACTIVITÉ"")",1,B14,"=IF(P12>P6,""Sur activité"",""Sous activité"")",,,TO_REVIEW
Production,"=""%""&""""&CELL",1,B15,"=""%""&"" ""&B12",,,TO_REVIEW
Production,=+CELL+CELL,1,R40,=+P40+P41,,,TO_REVIEW
Production,=(+CELL)-45600,1,M41,=(+L41)-45600,,,TO_REVIEW
Production,=+CELL-#REF!,1,R41,=+R40-#REF!,,,TO_REVIEW
Production,=+CELL/CA!#REF!,1,T42,=+S42/CA!#REF!,,,TO_REVIEW
Production,=(+CELL/CELL*CELL)/CELL,1,S44,=(+P43/P44*P68)/P43,,,TO_REVIEW
Production,=+SUM(CELL:CELL)*CELL,1,P64,=+SUM(P59:P61)*P71,,,TO_REVIEW
Production,=+SUM(CELL:CELL),1,P65,=+SUM(C65:O65),,,TO_REVIEW
Production,=AVERAGE(CELL:CELL),1,R71,=AVERAGE(D71:O71),,,TO_REVIEW
Production,=+CELL*1000,1,Y80,=+P73*1000,,,TO_REVIEW
Traitement,<OPENPYXL.WORKSHEET.FORMULA.ARRAYFORMULAOBJECTAT0X0000026CDDA59E50>,1,B120,<openpyxl.worksheet.formula.ArrayFormula object at 0x0000026CDDA59E50>,,,TO_REVIEW
Calcul,"=+SUBTOTAL(9,TPROD[QUANTITÉ])",1,D223,"=+SUBTOTAL(9,TProd[Quantité])",,,TO_REVIEW
Calcul,"=+SUBTOTAL(9,TPROD[PRODUCTIONS])",1,F223,"=+SUBTOTAL(9,TProd[Productions])",,,TO_REVIEW
Besoins en micas,=+PRODUCTION!CELL,1,O2,=+Production!P8,,,TO_REVIEW
Besoins en micas,=CELL,1,C28,=C27,,,TO_REVIEW
Besoins en micas,<OPENPYXL.WORKSHEET.FORMULA.ARRAYFORMULAOBJECTAT0X0000026CDDDC7F50>,1,B142,<openpyxl.worksheet.formula.ArrayFormula object at 0x0000026CDDDC7F50>,,,TO_REVIEW
Besoins en micas,<OPENPYXL.WORKSHEET.FORMULA.ARRAYFORMULAOBJECTAT0X0000026CDDDC7910>,1,F142,<openpyxl.worksheet.formula.ArrayFormula object at 0x0000026CDDDC7910>,,,TO_REVIEW
Besoins en micas,<OPENPYXL.WORKSHEET.FORMULA.ARRAYFORMULAOBJECTAT0X0000026CDE0DB6D0>,1,F154,<openpyxl.worksheet.formula.ArrayFormula object at 0x0000026CDE0DB6D0>,,,TO_REVIEW
Besoins en micas,<OPENPYXL.WORKSHEET.FORMULA.ARRAYFORMULAOBJECTAT0X0000026CDD970AD0>,1,F166,<openpyxl.worksheet.formula.ArrayFormula object at 0x0000026CDD970AD0>,,,TO_REVIEW
Besoins en micas,<OPENPYXL.WORKSHEET.FORMULA.ARRAYFORMULAOBJECTAT0X0000026CDDBF0D10>,1,F178,<openpyxl.worksheet.formula.ArrayFormula object at 0x0000026CDDBF0D10>,,,TO_REVIEW
Besoins en micas,<OPENPYXL.WORKSHEET.FORMULA.ARRAYFORMULAOBJECTAT0X0000026CDDDCCB90>,1,F190,<openpyxl.worksheet.formula.ArrayFormula object at 0x0000026CDDDCCB90>,,,TO_REVIEW
Besoins en micas,<OPENPYXL.WORKSHEET.FORMULA.ARRAYFORMULAOBJECTAT0X0000026CDDDE6650>,1,F202,<openpyxl.worksheet.formula.ArrayFormula object at 0x0000026CDDDE6650>,,,TO_REVIEW
Besoins en micas,<OPENPYXL.WORKSHEET.FORMULA.ARRAYFORMULAOBJECTAT0X0000026CDE0E2710>,1,F214,<openpyxl.worksheet.formula.ArrayFormula object at 0x0000026CDE0E2710>,,,TO_REVIEW
Besoins en micas,<OPENPYXL.WORKSHEET.FORMULA.ARRAYFORMULAOBJECTAT0X0000026CDD99F710>,1,F226,<openpyxl.worksheet.formula.ArrayFormula object at 0x0000026CDD99F710>,,,TO_REVIEW
Besoins en micas,<OPENPYXL.WORKSHEET.FORMULA.ARRAYFORMULAOBJECTAT0X0000026CDDD71890>,1,F238,<openpyxl.worksheet.formula.ArrayFormula object at 0x0000026CDDD71890>,,,TO_REVIEW
Besoins en micas,=+CELL-'DÉTAILSACHATSDIRECT'!CELL,1,H251,=+H250-'Détails Achats direct'!P15,,,TO_REVIEW
Besoins en micas,=+PRODUCTION!CELL-#REF!,1,E292,=+Production!P68-#REF!,,,TO_REVIEW
Feuil3,=+CELL/12*CELL,1,F9,=+D9/12*C9,,,TO_REVIEW
Feuil3,=ORG!CELL,1,D25,=Org!F35,,,TO_REVIEW
Feuil3,=+CELL/CELL,1,Q39,=+O39/C39,,,TO_REVIEW
Feuil3,=-CELL,1,D63,=-D62,,,TO_REVIEW
Feuil3,=-CELL-CELL,1,D65,=-M57-N57,,,TO_REVIEW
CA,=SUM('CRNATUREFD'!CELL:CELL),1,Q32,=SUM('CR Nature FD'!O4:O8),,,TO_REVIEW
CA,=+CELL-CELL,1,R32,=+O32-Q32,,,TO_REVIEW
CA,=-CELL*0.75,1,D39,=-D38*0.75,,,TO_REVIEW
CA,=-CELL*0.95,1,K39,=-K38*0.95,,,TO_REVIEW
CA,=+AN!CELL,1,C40,=+AN!C181,,,TO_REVIEW
CA,<OPENPYXL.WORKSHEET.FORMULA.ARRAYFORMULAOBJECTAT0X0000026CDE157D50>,1,I197,<openpyxl.worksheet.formula.ArrayFormula object at 0x0000026CDE157D50>,,,TO_REVIEW
Sal,=+SUM(CELL:CELL),1,P25,=+SUM(D25:O25),,,TO_REVIEW
Sal,=-CELL-CELL-CELL,1,M200,=-J199-K199-L199,,,TO_REVIEW
Détails Achats direct,=+CELL-'BESOINSENMICAS'!CELL,1,Q15,=+P15-'Besoins en micas'!O109,,,TO_REVIEW
Détails Achats direct,=+CELL*CELL,1,P26,=+P24*$D$18,,,TO_REVIEW
Détails Achats direct,=(+DÉTAILS!CELL*3)*2,1,D36,=(+Détails!B92*3)*2,,,TO_REVIEW
Détails Achats direct,=(660000/2)*2,1,D38,=(660000/2)*2,,,TO_REVIEW
Détails Achats direct,=(620000/2)*2,1,D45,=(620000/2)*2,,,TO_REVIEW
Primes,=+CELL*2,1,H20,=+G20*2,,,TO_REVIEW
Primes,=+CELL+CELL+CELL,1,B112,=+B40+B46+B56,,,TO_REVIEW
Prestation,=+PRODUCTION!CELL*PRESTATION!CELL,1,D13,=+Production!O1*Prestation!C32,,,TO_REVIEW
Prestation,=+CA!CELL+CA!CELL+CA!CELL+CA!CELL,1,R29,=+CA!O4+CA!O5+CA!O9+CA!O14,,,TO_REVIEW
Prestation,=+'DONNÉESSOMIDA'!CELL*'DONNÉESSOMIDA'!CELL,1,C38,=+'Données SOMIDA'!D85*'Données SOMIDA'!E11,,,TO_REVIEW
Prestation,=+CA!CELL+CA!CELL,1,S38,=+CA!O11+CA!O6,,,TO_REVIEW
Prestation,=(1500000/2)*4*3,1,F68,=(1500000/2)*4*3,,,TO_REVIEW
Prestation,=70000*2,1,D94,=70000*2,,,TO_REVIEW
Prestation,=CELL*3,1,E96,=$B$6*3,,,TO_REVIEW
Prestation,=13*8,1,E97,=13*8,,,TO_REVIEW
Feuil1 (2),=+CELL/CELL,1,AA19,=+X19/Y19,,,TO_REVIEW
Autres,=+'I&T'!CELL,1,B2,=+'I&T'!B2,,,TO_REVIEW
CR Nature FD,=+CA!CELL-CELL+CELL,1,P10,=+CA!O32-O10+O9,,,TO_REVIEW
CR Nature FD,=+ACHAT!CELL-CELL,1,P11,=+Achat!P31-O11,,,TO_REVIEW
CR Nature FD,=+PRESTATION!CELL-CELL,1,P12,=+Prestation!P71-O12,,,TO_REVIEW
CR Nature FD,=+SAL!CELL-CELL,1,P15,=+Sal!P174-O15,,,TO_REVIEW
CR Nature FD,=+'I&T'!CELL-CELL,1,P16,=+'I&T'!P12-O16,,,TO_REVIEW
CR Nature FD,=+AUTRES!CELL-CELL,1,P19,=+Autres!O5-O19,,,TO_REVIEW
CR Nature FD,=+AMORT!CELL-CELL,1,P20,=+Amort!O15-O20,,,TO_REVIEW
CR Nature FD,=+'FRAISFINANCIER'!CELL-CELL,1,P25,=+'Frais financier'!O4-O25,,,TO_REVIEW
Etat_Trésorerie FD,=YEAR(CELL),1,C2,=YEAR(C3),,,TO_REVIEW
Etat_Trésorerie FD,=NOW(),1,C3,=NOW(),,,TO_REVIEW
Etat_Trésorerie FD,=(1500+443.28)+-509.28003726,1,J75,=(1500+443.28)+-509.28003726,,,TO_REVIEW
Etat_Trésorerie FD,=+AN!CELL,1,C80,=+AN!C229,,,TO_REVIEW
Invest FD,=+SUM(CELL:CELL)*5%,1,D9,=+SUM(D4:D8)*5%,,,TO_REVIEW
Invest FD,=+(+CELL+CELL)*0.1/12,1,H12,=+(+H4+H5)*0.1/12,,,TO_REVIEW
Invest FD,=+CELL*0.2/12,1,D15,=+D5*0.2/12,,,TO_REVIEW
Invest FD,=+CELL-CELL,1,O37,=+O35-O36,,,TO_REVIEW
AN,=-CELL-CELL-CELL,1,M96,=-J95-K95-L95,,,TO_REVIEW
AN,=-SUM(CELL:CELL)-CELL,1,D135,=-SUM(D126:D134)-D125,,,TO_REVIEW
AN,=+PRODUCTION!CELL,1,C169,=+Production!D50,,,TO_REVIEW
AN,=+CELL*2,1,I198,=+H198*2,,,TO_REVIEW
AN,=+CELL*1.5,1,J198,=+I198*1.5,,,TO_REVIEW
AN,=+CELL*1000,1,O281,=+O279*1000,,,TO_REVIEW
Emprunts FD,=+CELL/1000,1,F2,=+E2/1000,,,TO_REVIEW
Emprunts FD,=+CELL/12,1,E8,=+E5/12,,,TO_REVIEW
Emprunts FD,=CELL*(CELL/(1-(1+CELL)^-CELL)),1,K8,=F8*(E8/(1-(1+E8)^-D8)),,,TO_REVIEW
Emprunts FD,=+CELL+CELL-CELL,1,I14,=+E14+G14-F14,,,TO_REVIEW
Détails FF FD,<OPENPYXL.WORKSHEET.FORMULA.ARRAYFORMULAOBJECTAT0X0000026CDE79C450>,1,C3,<openpyxl.worksheet.formula.ArrayFormula object at 0x0000026CDE79C450>,,,TO_REVIEW
Détails FF FD,<OPENPYXL.WORKSHEET.FORMULA.ARRAYFORMULAOBJECTAT0X0000026CDE833DD0>,1,C4,<openpyxl.worksheet.formula.ArrayFormula object at 0x0000026CDE833DD0>,,,TO_REVIEW
Détails FF FD,<OPENPYXL.WORKSHEET.FORMULA.ARRAYFORMULAOBJECTAT0X0000026CDE7D3D50>,1,C5,<openpyxl.worksheet.formula.ArrayFormula object at 0x0000026CDE7D3D50>,,,TO_REVIEW
Détails FF FD,<OPENPYXL.WORKSHEET.FORMULA.ARRAYFORMULAOBJECTAT0X0000026CDE3A1490>,1,C6,<openpyxl.worksheet.formula.ArrayFormula object at 0x0000026CDE3A1490>,,,TO_REVIEW
Détails FF FD,<OPENPYXL.WORKSHEET.FORMULA.ARRAYFORMULAOBJECTAT0X0000026CDE7B89D0>,1,C10,<openpyxl.worksheet.formula.ArrayFormula object at 0x0000026CDE7B89D0>,,,TO_REVIEW
Détails FF FD,<OPENPYXL.WORKSHEET.FORMULA.ARRAYFORMULAOBJECTAT0X0000026CDE94C150>,1,C11,<openpyxl.worksheet.formula.ArrayFormula object at 0x0000026CDE94C150>,,,TO_REVIEW
Détails FF FD,<OPENPYXL.WORKSHEET.FORMULA.ARRAYFORMULAOBJECTAT0X0000026CDE1818D0>,1,C12,<openpyxl.worksheet.formula.ArrayFormula object at 0x0000026CDE1818D0>,,,TO_REVIEW
Détails FF FD,<OPENPYXL.WORKSHEET.FORMULA.ARRAYFORMULAOBJECTAT0X0000026CDD9419D0>,1,C13,<openpyxl.worksheet.formula.ArrayFormula object at 0x0000026CDD9419D0>,,,TO_REVIEW
Détails FF FD,=+'EMPRUNTSFD'!CELL-CELL,1,P14,=+'Emprunts FD'!H110-O14,,,TO_REVIEW
